Complaint_ID,Complaint_Text,Complaint_Type,Block,Floor,Room_No,Category,Duration,Students_Affected,Support_Count,Priority,Status,Complaint_Date
C0001,"Hi, theres cobwebs all over the staircase.",Public,B,First,15,Cleanliness,since this evening,23,2,Low,Resolved,01-05-2026
C0002,My washroom door doesnt lock properly because the pipe fitting behind it is loose and jammed.,Public,C,First,15,Washroom,since yesterday,1,0,Low,Pending,01-05-2026
C0003,The milk served at breakfast smelled slightly off this morning.,Public,C,Ground,4,Mess,since this morning,2,1,High,Pending,01-05-2026
C0004,"Mess timing keeps changing without any notice, we end up missing dinner.",Public,C,Second,23,Mess,since 30 minutes,53,20,Medium,In Progress,01-05-2026
C0005,"Theres cobwebs all over the staircase, doesnt look like anyone has cleaned it in ages, since Monday.",Public,B,First,14,Cleanliness,since Monday,37,17,Medium,Pending,01-05-2026
C0006,"id card checking at the main gate has become quite lax these days, someone pls check this",Private,A,First,18,Security,since the weekend,112,5,Low,Resolved,01-05-2026
C0007,"Since yesterday, bunk bed ladder in my room feels really loose, kind of unsafe to climb.",Public,A,Second,29,Furniture,since yesterday,1,0,High,In Progress,01-05-2026
C0008,theres been no drinking water in the cooler on Second floor since this morning.,Public,B,Second,30,Water Cooler,since this morning,39,20,High,In Progress,01-05-2026
C0009,"the washroom bin hasnt been cleaned in so long, it smells awful the moment u walk in.",Public,C,Second,29,Washroom,since noon,16,0,Medium,Pending,02-05-2026
C0010,Construction work right outside starts at 6am and its impossible to get any sleep (since this morning). Please look into this.,Public,A,First,11,Noise,since this morning,71,30,High,In Progress,02-05-2026
C0011,"mattress in my room is completely sunken in the middle, my back has been hurting for the past 3 days, need this fixed soon",Public,A,Second,28,Furniture,for the past 3 days,1,0,Medium,Resolved,02-05-2026
C0012,"Someone keeps banging on doors late at night as some kind of prank, for 4 days now.",Public,B,First,14,Noise,for 4 days now,24,14,High,Pending,02-05-2026
C0013,"Hello, study table drawer in Room 24 is stuck and just wont open, since Wednesday.",Public,B,Second,28,Furniture,since Wednesday,1,0,Low,Pending,03-05-2026
C0014,"Hi, backup power only seems to work for the corridor lights, rooms stay completely dark during cuts. Kindly resolve at the earliest.",Public,B,First,20,Electricity,for 4 days now,10,4,High,Pending,04-05-2026
C0015,"For the past 3 days, dropped my wallet somewhere between the library and Block A, if anyone finds it please let me know.",Private,A,Second,29,Security,for the past 3 days,1,0,Low,Pending,05-05-2026
C0016,"Lost my phone charger somewhere near Block D, would really appreciate any help finding it. Its been really inconvenient for all of us.",Private,B,Second,22,Security,for almost a week,1,0,Low,Pending,05-05-2026
C0017,Study table drawer in Room 4 is stuck and just wont open.,Public,C,First,14,Furniture,since last Friday,1,0,Low,Resolved,06-05-2026
C0018,Id card checking at the main gate has become quite lax these days. Please look into this.,Private,C,Ground,4,Security,for 3-4 days now,93,14,Low,Pending,06-05-2026
C0019,Shower head in the bathroom is broken.,Public,C,Second,24,Washroom,for 3-4 days now,1,0,Low,Resolved,06-05-2026
C0020,"The cupboard door in my room wont close properly, the hinge looks broken.",Public,A,First,20,Furniture,for over a week,2,0,Low,In Progress,06-05-2026
C0021,"Theres a moldy smell coming from the bathroom ceiling, it wont go away (since this morning). Please look into this.",Public,B,First,19,Washroom,since this morning,1,0,Medium,Resolved,06-05-2026
C0022,"Two of my friends fell sick after dinner yesterday, the food might have been stale.",Public,C,First,19,Mess,since yesterday,3,0,High,In Progress,07-05-2026
C0023,Garbage bins outside Block C havent been emptied in almost 2 weeks now. Please look into this at the earliest.,Public,C,Ground,6,Cleanliness,for 2 weeks now,33,9,High,In Progress,07-05-2026
C0024,the water dispenser stand in the common area is cracked and looks like it might collapse. plz look into this.,Public,C,First,14,Water Cooler,for 6 days,40,1,High,Pending,07-05-2026
C0025,"The switchboard in my room sparks a little whenever I plug in my charger, for 5 hours. Its been really inconvenient for all of us.",Public,A,First,20,Electricity,for 5 hours,2,0,Critical,Pending,07-05-2026
C0026,"Carrom board in the common room is missing four coins so we cant even play properly, since yesterday.",Public,B,Second,22,Furniture,since yesterday,22,8,Medium,Resolved,07-05-2026
C0027,"For 5 hours, the chair in my room is broken, one leg has completely come off.",Public,B,Ground,6,Furniture,for 5 hours,1,0,Low,In Progress,08-05-2026
C0028,"The switchboard in my room sparks a little whenever I plug in my charger, since Monday. Not happy about this at all.",Public,B,First,19,Electricity,since Monday,1,0,Critical,Resolved,08-05-2026
C0029,"My denim jacket went missing from the room, not really sure if it was stolen or just misplaced. Hope this gets resolved soon.",Private,A,Second,25,Security,since the weekend,1,0,Low,Pending,08-05-2026
C0030,"dropped my umbrella somewhere between the library and Block C, if anyone finds it please let me know for 6 days, need this fixed soon",Private,C,First,20,Security,for 6 days,2,0,Low,Pending,08-05-2026
C0031,Theres a moldy smell coming from the bathroom ceiling.,Public,A,Ground,3,Washroom,for 2 weeks now,1,0,Medium,Pending,08-05-2026
C0032,"dustbins on my floor are overflowing and nobody has collected the trash in days, someone pls check this",Public,A,Ground,2,Cleanliness,for a month now,38,9,Medium,In Progress,09-05-2026
C0033,"theres cobwebs all over the staircase, doesnt look like anyone has cleaned it in ages, someone pls check this",Public,A,First,11,Cleanliness,for 3-4 days now,16,0,Medium,In Progress,09-05-2026
C0034,"Hi, the security guard wasnt at the front desk after 11pm again yesterday.",Public,A,Second,29,Security,since yesterday,134,0,High,In Progress,10-05-2026
C0035,"Hello, the cupboard door in my room wont close properly, the hinge looks broken, for 3-4 days now.",Public,C,Second,25,Furniture,for 3-4 days now,1,0,Low,Pending,10-05-2026
C0036,"Since Tuesday, theres a long crack running across the ceiling of my room, getting a bit worried about it.",Public,C,Second,26,Furniture,since Tuesday,1,0,Medium,Pending,10-05-2026
C0037,"Respected Warden, my spectacles went missing from the room, not really sure if it was stolen or just misplaced, since last Friday. Kindly resolve at the earliest.",Private,A,First,17,Security,since last Friday,1,0,Low,Pending,11-05-2026
C0038,"Sir, cockroaches keep coming out of the drain in my washroom every night. Kindly resolve at the earliest!!",Public,A,Ground,5,Pest Control,for over a week,2,0,Low,Resolved,11-05-2026
C0039,"Since last night, my bed frame is creaking really badly and one leg feels loose.",Public,C,First,15,Furniture,since last night,1,0,Medium,Pending,11-05-2026
C0040,"Hello, since this evening, dustbins on my floor are overflowing and nobody has collected the trash in days.",Public,C,First,12,Cleanliness,since this evening,15,0,High,Resolved,11-05-2026
C0041,"the main entrance door of Block A doesnt close properly at night anymore since Wednesday, someone pls check this",Public,A,First,19,Door,since Wednesday,50,23,High,In Progress,12-05-2026
C0042,"Mosquitoes are unbearable in the evenings, we havent been given any nets or repellent (since Wednesday). Please look into this.",Public,C,Ground,1,Pest Control,since Wednesday,16,0,Medium,Pending,12-05-2026
C0043,Garbage bins outside Block B havent been emptied in almost a week now.,Public,B,Ground,6,Cleanliness,since Tuesday,19,10,Medium,Resolved,12-05-2026
C0044,"Dropped my earphones somewhere between the library and Block D, if anyone finds it please let me know (for over a week). Please look into this.",Private,C,Second,26,Security,for over a week,2,0,Low,Pending,12-05-2026
C0045,The socket near my study table is loose and the plug keeps falling out. Please look into this.,Public,A,First,19,Electricity,for more than 10 days,1,0,Medium,Pending,12-05-2026
C0046,"Sir, the lift interior light has been dim for days now, kind of unpleasant to use at night. Kindly resolve at the earliest.",Public,A,First,20,Lift,for 4 days now,34,1,Medium,Resolved,12-05-2026
C0047,theres cobwebs all over the staircase,Public,B,Ground,5,Cleanliness,since last week,20,7,Low,Resolved,13-05-2026
C0048,The washroom tap in my room is leaking non stop and wasting so much water.,Public,C,Ground,7,Leakage,for 4 days now,1,0,Medium,Resolved,13-05-2026
C0049,"Lift door doesnt close properly anymore, you basically have to slam it shut.",Public,B,Second,24,Lift,for 4 days now,22,0,High,Resolved,13-05-2026
C0050,"laundry area tap is leaking badly, theres always a puddle near the machines since this evening, pls fix asap",Public,A,Second,21,Laundry,since this evening,27,6,Low,Pending,13-05-2026
C0051,"there were small stones in the rice today, I almost broke a tooth. Please look into this.",Public,C,First,14,Mess,since this morning,3,1,High,Resolved,14-05-2026
C0052,"Notice board glass in the common area is cracked and pieces keep falling out, since this evening",Public,C,Ground,3,Cleanliness,since this evening,34,12,Low,Resolved,14-05-2026
C0053,"misplaced my calculator in the common area, it has my name written on it.",Private,A,Ground,3,Security,since Monday,1,0,Low,Pending,14-05-2026
C0054,"Study table drawer in Room 38 is stuck and just wont open, for more than 10 days.",Public,B,Second,21,Furniture,for more than 10 days,1,0,Low,Pending,14-05-2026
C0055,"main gate lock has been broken since last week, literally anyone can walk in. Thanks in advance",Private,C,Second,24,Security,since last week,97,23,High,In Progress,15-05-2026
C0056,Washing machine in the laundry room is making a horrible noise and not spinning properly.,Public,C,Second,28,Laundry,since Monday,34,11,Low,Resolved,15-05-2026
C0057,"Main gate lock has been broken since last week, literally anyone can walk in. Hope this gets resolved soon.",Private,C,Ground,6,Security,since last week,78,36,High,Rejected,15-05-2026
C0058,"benches outside Block C are broken, someone could genuinely get hurt sitting on them.",Public,C,Ground,8,Furniture,for 2 weeks now,11,1,Low,Resolved,16-05-2026
C0059,Left my denim jacket in the mess hall yesterday and cant find it anywhere now!!,Private,B,Ground,2,Security,since yesterday,1,0,Low,In Progress,16-05-2026
C0060,"power backup didnt kick in at all during last nights outage, we sat in the dark for hours, pls fix asap",Public,A,First,16,Electricity,since last night,82,4,High,Pending,17-05-2026
C0061,"Flush in the common washroom on First floor isnt working properly at all, for the past 2 days.",Public,A,First,20,Washroom,for the past 2 days,35,17,Medium,Resolved,17-05-2026
C0062,false ceiling panel near the stairwell fell down suddenly yesterday,Public,A,Second,24,Furniture,since yesterday,18,3,High,Pending,17-05-2026
C0063,fan in Room 39 makes a loud grinding noise and wobbles when running on high speed,Public,A,First,15,Electricity,for the past 3 days,1,0,Low,Pending,17-05-2026
C0064,"Carrom board in the common room is missing four coins so we cant even play properly, since Tuesday. Please look into this at the earliest.",Public,C,First,15,Furniture,since Tuesday,28,5,Low,Resolved,17-05-2026
C0065,"mess hall tables are always sticky and the floor never actually gets mopped, since last week",Public,A,Ground,1,Mess,since last week,55,4,High,Rejected,17-05-2026
C0066,My room light switch gives a mild shock every time I touch it. Hope this gets resolved soon,Public,A,Ground,6,Electricity,since Monday,1,0,Critical,Pending,17-05-2026
C0067,"Dear Warden, lift in our block has been out of service for days, we have to carry luggage up 5 floors. Kindly resolve at the earliest.",Public,A,Ground,9,Lift,for 4 days now,27,16,High,Resolved,17-05-2026
C0068,"The drain right outside Block C is overflowing and it smells terrible, for almost a week.",Public,C,Second,26,Drainage,for almost a week,26,2,High,Resolved,18-05-2026
C0069,"For 5 hours, sink drain in my room is completely clogged, water just doesnt go down anymore.",Public,B,Second,30,Drainage,for 5 hours,2,0,Medium,Resolved,18-05-2026
C0070,"Water pressure is extremely low every morning, cant even fill a bucket properly.",Public,A,Second,22,Water Supply,for over a week,65,30,High,In Progress,18-05-2026
C0071,"Corridor floor on First floor is covered in dust and hasnt been swept in a while, since last Friday.",Public,A,First,20,Cleanliness,since last Friday,16,4,Low,Rejected,18-05-2026
C0072,The lift in Block D has been making a horrible grinding noise and it feels unsafe.,Public,A,Second,29,Lift,for 5 hours,24,1,High,In Progress,18-05-2026
C0073,"Corridor lights on Ground floor have been flickering on and off for no reason, since the weekend.",Public,B,Ground,1,Electricity,since the weekend,24,3,High,Resolved,18-05-2026
C0074,Reading room chairs on Second floor are all wobbly and honestly quite uncomfortable to sit on.,Public,B,Second,25,Furniture,for 6 days,40,24,Medium,Resolved,18-05-2026
C0075,"My earphones went missing from the room, not really sure if it was stolen or just misplaced. Kindly send someone to look at it.",Private,B,First,11,Security,since Wednesday,1,0,Low,Resolved,19-05-2026
C0076,"My wallet went missing from the room, not really sure if it was stolen or just misplaced, for the past 2 days.",Private,C,Ground,6,Security,for the past 2 days,1,0,Low,Resolved,20-05-2026
C0077,"theres a rat running around my room every night, its really freaking me out",Public,A,Second,25,Pest Control,for over a week,1,0,High,Pending,20-05-2026
C0078,Notice board glass in the common area is cracked and pieces keep falling out.,Public,C,Second,24,Cleanliness,for the past 3 days,28,13,Medium,Resolved,20-05-2026
C0079,"Hello, mess food quality has gone really bad lately, everything tastes bland and comes out cold. Please look into this.",Public,A,Ground,6,Mess,since Tuesday,103,40,High,In Progress,20-05-2026
C0080,"Geyser pipe connection is leaking hot water near the switch, feels pretty dangerous. Please look into this.",Public,B,Ground,10,Leakage,since last Friday,1,0,High,Resolved,20-05-2026
C0081,"My clothes went missing from the washing machine, this is actually the second time this month. Kindly send someone to look at it.",Public,A,Second,27,Laundry,for a month now,3,0,Medium,In Progress,21-05-2026
C0082,"Water coming out of the tap looks yellowish and smells kind of bad, for almost a week. Thanks in advance.",Public,B,Second,23,Water Supply,for almost a week,20,3,High,Pending,21-05-2026
C0083,"lift got stuck between floors for almost 10 minutes yesterday, was honestly really scary, someone pls check this",Public,C,First,14,Lift,since yesterday,26,0,Critical,Pending,21-05-2026
C0084,the security guard wasnt at the front desk after 11pm again yesterday. Please look into this.,Public,A,First,17,Security,since yesterday,97,2,High,In Progress,21-05-2026
C0085,Cctv camera near the main gate hasnt been working for days now. Not happy about this at all.,Public,A,Second,22,Security,for 4 days now,77,5,High,In Progress,22-05-2026
C0086,"Hi, sofa in the common room has a broken leg and keeps tilting to one side, for a month now.",Public,B,Ground,10,Furniture,for a month now,16,9,Low,Pending,22-05-2026
C0087,"Water tank supplying Block D seems empty, taps have been running dry since morning.",Public,A,Second,29,Water Supply,since this morning,21,0,High,Pending,22-05-2026
C0088,"Since this morning, study table in the common area on First floor has a broken drawer.",Public,C,First,11,Furniture,since this morning,16,0,Low,Pending,22-05-2026
C0089,the mosquito net frame on my window is broken and mosquitoes keep getting in (since this evening). Please look into this.,Public,B,Ground,5,Window,since this evening,1,0,Medium,In Progress,23-05-2026
C0090,"Someone unknown tried to enter our floor around midnight, the entry log wasnt even checked (since noon). Please look into this!!",Private,B,First,18,Security,since noon,32,14,High,Pending,23-05-2026
C0091,Black mold patches have started spreading across the bathroom wall in my room.,Public,B,Second,22,Washroom,since Tuesday,1,0,High,In Progress,23-05-2026
C0092,"Sir, corridor floor on Ground floor is covered in dust and hasnt been swept in a while. Kindly resolve at the earliest.",Public,B,Ground,5,Cleanliness,since yesterday,29,16,Medium,Resolved,23-05-2026
C0093,"For 4 days now, backup power only seems to work for the corridor lights, rooms stay completely dark during cuts.",Public,C,Second,21,Electricity,for 4 days now,28,0,Medium,Resolved,23-05-2026
C0094,"there were small stones in the rice today, I almost broke a tooth, someone pls check this",Public,C,Ground,8,Mess,since this morning,2,0,High,In Progress,24-05-2026
C0095,"Sir, there were small stones in the rice today, I almost broke a tooth. Kindly resolve at the earliest.",Public,A,Ground,3,Mess,since this morning,4,0,High,Pending,25-05-2026
C0096,"Flush in the common washroom on Second floor isnt working properly at all, for the past 2 days. Please look into this at the earliest.",Public,A,Second,28,Washroom,for the past 2 days,22,12,Medium,Resolved,25-05-2026
C0097,"Toilet seat in the washroom on First floor is broken and wobbly, for 2 weeks now. Not happy about this at all.",Public,A,First,20,Washroom,for 2 weeks now,10,4,Medium,Pending,25-05-2026
C0098,Dropped my laptop charger somewhere between the library and Block C.,Private,C,Second,30,Security,since this morning,1,0,Low,In Progress,26-05-2026
C0099,"internet speed on Ground floor becomes unusably slow after around 8pm for 4 days now, need this fixed soon",Public,B,Ground,5,WiFi,for 4 days now,12,4,Medium,Rejected,26-05-2026
C0100,"mess food quality has gone really bad lately, everything tastes bland and comes out cold since yesterday, pls fix asap",Public,A,Ground,9,Mess,since yesterday,101,11,High,Resolved,26-05-2026
C0101,"Hello, the washroom tap in my room is leaking non stop and wasting so much water. Kindly send someone to look at it.",Public,B,Ground,7,Leakage,for 6 days,1,0,Medium,Pending,26-05-2026
C0102,"There were small stones in the rice today, I almost broke a tooth.",Public,A,Ground,6,Mess,since this morning,2,1,High,In Progress,27-05-2026
C0103,"Sir, left my water bottle in the mess hall yesterday and cant find it anywhere now. Kindly resolve at the earliest.",Private,A,First,12,Security,since yesterday,1,0,Low,Resolved,27-05-2026
C0104,The generator right outside makes it impossible to study in the evenings (since this evening). Please look into this.,Public,A,Second,30,Noise,since this evening,74,3,Medium,Resolved,27-05-2026
C0105,"door lock of the common entrance isnt latching properly, it just swings open, for almost a week. This needs urgent attention",Private,B,Second,26,Security,for almost a week,39,9,High,Resolved,27-05-2026
C0106,"the chair in my room is broken, one leg has completely come off",Public,A,Second,28,Furniture,since last night,1,0,Medium,Resolved,27-05-2026
C0107,corridor lights on Second floor have been flickering on and off fr no reason!!,Public,A,Second,25,Electricity,for 2 weeks now,17,6,Medium,In Progress,28-05-2026
C0108,Dustbins on my floor are overflowing and nobody has collected the trash in days (since Tuesday). Please look into this.,Public,B,Second,21,Cleanliness,since Tuesday,12,0,Medium,Resolved,28-05-2026
C0109,"dryer in the laundry area has been out of order for days now, clothes just wont dry, need this fixed soon",Public,A,First,15,Laundry,for 4 days now,15,3,Low,Pending,28-05-2026
C0110,The visitors register at the gate hasnt been updated properly in weeks. Thanks in advance.,Private,C,Ground,9,Security,for 2 weeks now,52,16,Medium,In Progress,28-05-2026
C0111,"the generator right outside makes it impossible to study in the evenings for the past 2 days, need this fixed soon",Public,B,Ground,1,Noise,for the past 2 days,61,26,Low,Pending,29-05-2026
C0112,Misplaced my ID card in the common area.,Private,C,Ground,1,Security,for more than 10 days,2,0,Low,Rejected,29-05-2026
C0113,"Hi, door lock of the common entrance isnt latching properly, it just swings open.",Private,A,Ground,1,Security,since last night,28,8,High,In Progress,29-05-2026
C0114,Cockroaches keep coming out of the drain in my washroom every night.,Public,B,First,16,Pest Control,for over a week,1,0,Medium,Pending,29-05-2026
C0115,"The open drain near the entrance is breeding mosquitoes, its a health hazard honestly (for 4 days now). Please look into this.",Public,A,First,20,Drainage,for 4 days now,125,0,High,Resolved,30-05-2026
C0116,"Basin pipe under the sink is loose and water keeps leaking onto the floor, for over a week.",Public,C,First,12,Leakage,for over a week,1,0,Medium,Resolved,30-05-2026
C0117,There is a bad power fluctuation issue thats damaging chargers and laptops on Second floor.,Public,A,Second,25,Electricity,for 2 weeks now,40,21,High,Pending,30-05-2026
C0118,"Black mold patches have started spreading across the bathroom wall in my room, since 30 minutes.",Public,B,First,15,Washroom,since 30 minutes,1,0,High,Resolved,30-05-2026
C0119,"Hi, internet speed on Second floor becomes unusably slow after around 8pm, for 6 days.",Public,B,Second,26,WiFi,for 6 days,13,7,Medium,In Progress,30-05-2026
C0120,"Hello, notice board glass in the common area is cracked and pieces keep falling out, someone pls check this",Public,B,Ground,4,Cleanliness,since 30 minutes,35,0,Low,Resolved,30-05-2026
C0121,"Theres barely any wifi signal that reaches the rooms at the end of the corridor, for 6 days.",Public,C,Second,25,WiFi,for 6 days,29,3,Low,Resolved,30-05-2026
C0122,"For a month now, there is a bad power fluctuation issue thats damaging chargers and laptops on Ground floor.",Public,A,Ground,6,Electricity,for a month now,30,0,High,Pending,31-05-2026
C0123,"The signboard outside the hostel gate is tilted and needs to be straightened, since last week.",Public,B,Second,21,Furniture,since last week,129,16,Medium,Pending,31-05-2026
C0124,"theres a rat running around my room every night, its really freaking me out, pls fix asap",Public,C,First,18,Pest Control,for over a week,1,0,High,Rejected,31-05-2026
C0125,"theres been no drinking water in the cooler on First floor since this morning, need this fixed soon",Public,C,First,12,Water Cooler,since this morning,23,5,Medium,Rejected,31-05-2026
C0126,"Dryer in the laundry area has been out of order for days now, clothes just wont dry. Please look into this.",Public,A,First,16,Laundry,for 4 days now,29,5,Low,Pending,31-05-2026
C0127,"Its the same boring menu every single day, could we at least get some variety.",Public,C,Second,26,Mess,for over a week,52,23,Low,Resolved,31-05-2026
C0128,"Since Tuesday, water coming out of the tap looks yellowish and smells kind of bad.",Public,C,First,15,Water Supply,since Tuesday,27,3,High,In Progress,01-06-2026
C0129,"Fan in Room 10 makes a loud grinding noise and wobbles when running on high speed, since 2 hours",Public,B,First,17,Electricity,since 2 hours,1,0,Medium,Pending,01-06-2026
C0130,Dustbins on my floor are overflowing and nobody has collected the trash in days.,Public,C,First,12,Cleanliness,for 5 hours,17,3,Medium,Resolved,01-06-2026
C0131,"Dear Warden, water tank supplying Block C seems empty, taps have been running dry since morning. Kindly resolve at the earliest.",Public,C,Second,25,Water Supply,since this morning,23,0,High,In Progress,03-06-2026
C0132,"Hi, common washroom on First floor hasnt been cleaned in days, it genuinely smells really bad, since 30 minutes.",Public,C,First,13,Cleanliness,since 30 minutes,24,14,Medium,In Progress,03-06-2026
C0133,A lizard fell from the ceiling right onto my study table yesterday. Thanks in advance.,Public,C,First,19,Pest Control,since yesterday,1,0,Low,Pending,03-06-2026
C0134,"My clothes went missing from the washing machine, this is actually the second time this month.",Public,B,First,11,Laundry,for a month now,4,0,Low,Pending,03-06-2026
C0135,Power backup didnt kick in at all during last nights outage.,Public,A,Second,22,Electricity,since last night,72,35,High,Rejected,03-06-2026
C0136,"Since Tuesday, the signboard outside the hostel gate is tilted and needs to be straightened.",Public,A,Second,29,Furniture,since Tuesday,115,0,Medium,In Progress,03-06-2026
C0137,"Laundry room on Second floor was locked the entire day, couldnt wash my clothes before my exam, since last Friday. This needs urgent attention.",Public,A,Second,23,Laundry,since last Friday,19,1,High,Pending,04-06-2026
C0138,"For the past 2 days, my denim jacket went missing from the room, not really sure if it was stolen or just misplaced.",Private,A,Ground,4,Security,for the past 2 days,1,0,Low,Pending,04-06-2026
C0139,"its the same boring menu every single day, could we at least get some variety, need this fixed soon",Public,B,Second,24,Mess,for over a week,86,24,Medium,Resolved,04-06-2026
C0140,"Hello, lost my wrist watch somewhere near Block C, would really appreciate any help finding it.",Private,C,First,16,Security,since Tuesday,1,0,Low,In Progress,04-06-2026
C0141,The generator makes so much noise every single time theres a power cut.,Public,C,First,18,Electricity,for over a week,89,42,Low,Resolved,04-06-2026
C0142,"Shower head in the bathroom is broken, water just sprays sideways everywhere.",Public,C,Second,28,Washroom,since Tuesday,1,0,Low,Resolved,05-06-2026
C0143,"The chair in my room is broken, one leg has completely come off.",Public,B,First,16,Furniture,for the past 2 days,2,0,Low,In Progress,05-06-2026
C0144,"The electrical panel near the stairwell keeps making a buzzing sound, sounds unsafe. Hope this gets resolved soon.",Public,B,Ground,10,Electricity,for 3-4 days now,22,9,High,In Progress,05-06-2026
C0145,"Dropped my hoodie somewhere between the library and Block D, if anyone finds it please let me know. Please look into this",Private,C,Second,30,Security,for 5 hours,1,0,Low,In Progress,06-06-2026
C0146,"Lift got stuck between floors for almost 10 minutes yesterday, was honestly really scary.",Public,A,Ground,3,Lift,since yesterday,19,8,Critical,Resolved,06-06-2026
C0147,"Sir, toilet seat in the washroom on Second floor is broken and wobbly, since noon. Kindly resolve at the earliest.",Public,B,Second,30,Washroom,since noon,22,0,Low,Pending,06-06-2026
C0148,"Study table in the common area on First floor has a broken drawer, since noon. Please fix this as soon as possible.",Public,B,First,12,Furniture,since noon,29,0,Low,In Progress,06-06-2026
C0149,"hi, shower head in the bathroom is broken, water just sprays sideways everywhere, for more than 10 days. Kindly resolve at the earliest",Public,A,Second,29,Washroom,for more than 10 days,1,0,Low,In Progress,06-06-2026
C0150,"Dropped my ID card somewhere between the library and Block D, if anyone finds it please let me know",Private,B,Second,25,Security,since last Friday,1,0,Low,Rejected,06-06-2026
C0151,"dryer in the laundry area has been out of order for days now, clothes just wont dry, kindly fix soon",Public,C,Ground,9,Laundry,for 4 days now,24,10,Low,Resolved,06-06-2026
C0152,"hi, found bed bugs in my mattress, honestly cant sleep properly anymore, since last week. Kindly resolve at the earliest",Public,B,Ground,3,Pest Control,since last week,1,0,High,In Progress,06-06-2026
C0153,"my room door lock is jammed, I had to climb through the window yesterday, need this fixed soon",Public,A,Second,26,Furniture,since yesterday,1,0,High,In Progress,07-06-2026
C0154,"Hello, the washroom tap in my room is leaking non stop and wasting so much water. Kindly resolve at the earliest.",Public,A,Second,30,Leakage,for 2 weeks now,1,0,Low,In Progress,07-06-2026
C0155,The washing machine ate my 20 rupees and didnt even start the cycle.,Public,C,First,17,Laundry,since this morning,1,0,Medium,Pending,07-06-2026
C0156,"Dear Warden, carrom board in the common room is missing four coins so we cant even play properly. Kindly resolve at the earliest.",Public,A,Second,27,Furniture,since last Friday,18,9,Low,In Progress,07-06-2026
C0157,"main gate lock has been broken since last week, literally anyone can walk in. Please look into this at the earliest.",Private,C,Second,24,Security,since last week,114,40,High,In Progress,07-06-2026
C0158,"Sir, the washing machine ate my 20 rupees and didnt even start the cycle, since the weekend. Kindly resolve at the earliest.",Public,B,Second,22,Laundry,since the weekend,1,0,Low,Resolved,08-06-2026
C0159,"Laundry room on First floor was locked the entire day, couldnt wash my clothes before my exam, since last night.",Public,B,First,17,Laundry,since last night,19,6,Low,In Progress,09-06-2026
C0160,"construction work right outside starts at 6am and its impossible to get any sleep since the weekend, someone pls check this",Public,A,Second,24,Noise,since the weekend,53,14,High,In Progress,09-06-2026
C0161,"Theres cobwebs all over the staircase, doesnt look like anyone has cleaned it in ages (for the past 3 days). Please look into this.",Public,B,Ground,6,Cleanliness,for the past 3 days,35,9,Low,In Progress,09-06-2026
C0162,"mattress in my room is completely sunken in the middle, my back has been hurting, kindly fix soon",Public,C,First,20,Furniture,for more than 10 days,1,0,Medium,Resolved,10-06-2026
C0163,"Wifi password got changed without telling anyone, nobody on the floor can connect now, since yesterday. This is getting really frustrating.",Public,A,Ground,2,WiFi,since yesterday,36,14,Low,Resolved,10-06-2026
C0164,Some guys on First floor play really loud music till like 2am every single night. Please look into this.,Public,B,First,11,Noise,for over a week,12,6,High,Resolved,10-06-2026
C0165,"hello, benches outside Block C are broken, someone could genuinely get hurt sitting on them. Would appreciate a quick fix.",Public,C,First,13,Furniture,for the past 3 days,11,2,High,In Progress,10-06-2026
C0166,Washroom floor on Second floor stays waterlogged because the drain is clogged.,Public,B,Second,28,Drainage,since 30 minutes,35,0,Medium,In Progress,11-06-2026
C0167,"Found a hair in my food again today, this is like the third time this month.",Public,B,First,16,Mess,for a month now,107,13,High,In Progress,11-06-2026
C0168,"Basin pipe under the sink is loose and water keeps leaking onto the floor, for the past 3 days.",Public,B,Ground,7,Leakage,for the past 3 days,1,0,Medium,In Progress,11-06-2026
C0169,"There is a bad power fluctuation issue thats damaging chargers and laptops on Ground floor, since last week. Thanks in advance.",Public,B,Ground,8,Electricity,since last week,28,5,High,Pending,11-06-2026
C0170,"Lost my bunch of keys somewhere near Block D, would really appreciate any help finding it.",Private,B,First,14,Security,since Monday,1,0,Low,Resolved,11-06-2026
C0171,The milk served at breakfast smelled slightly off this morning. Not happy about this at all.,Public,B,Ground,10,Mess,since this morning,3,2,High,Pending,11-06-2026
C0172,"My notebook went missing from the room, not really sure if it was stolen or just misplaced, since Tuesday. Hope this gets resolved soon.",Private,A,First,12,Security,since Tuesday,1,0,Low,Pending,11-06-2026
C0173,a group keeps playing loud games in the corridor past midnight almost every day. Please look into this.,Public,B,First,18,Noise,for over a week,17,0,Low,Rejected,12-06-2026
C0174,"Hello, AC remote isnt working properly and the AC wont switch off even at night, since Wednesday. Kindly resolve at the earliest.",Public,C,Ground,8,Electricity,since Wednesday,1,0,Medium,Resolved,12-06-2026
C0175,misplaced my notebook in the common area.,Private,B,First,14,Security,for almost a week,1,0,Low,Rejected,12-06-2026
C0176,Mosquitoes are unbearable in the evenings.,Public,C,Ground,2,Pest Control,for a month now,19,0,High,Pending,12-06-2026
C0177,"mess hall tables are always sticky and the floor never actually gets mopped since Tuesday, kindly fix soon",Public,C,Second,27,Mess,since Tuesday,102,29,High,Resolved,13-06-2026
C0178,"black mold patches have started spreading across the bathroom wall in my room for 4 days now, kindly fix soon",Public,B,First,15,Washroom,for 4 days now,1,0,High,Pending,13-06-2026
C0179,"hello, dryer in the laundry area has been out of order fr days now, clothes just wont dry. pls look into this!!",Public,B,First,17,Laundry,for 4 days now,31,8,Low,Resolved,13-06-2026
C0180,"The washroom bin hasnt been cleaned in so long, it smells awful the moment you walk in, since yesterday",Public,C,First,15,Washroom,since yesterday,34,3,Medium,Pending,13-06-2026
C0181,Black mold patches have started spreading across the bathroom wall in my room (since this evening). Please look into this.,Public,A,Second,27,Washroom,since this evening,1,0,High,Resolved,14-06-2026
C0182,basin pipe under the sink is loose and water keeps leaking onto the floor,Public,C,Ground,6,Leakage,since last night,1,0,Low,Resolved,14-06-2026
C0183,"Construction work right outside starts at 6am and its impossible to get any sleep, since last Friday.",Public,C,First,17,Noise,since last Friday,136,49,High,In Progress,14-06-2026
C0184,Exhaust fan in the washroom doesnt work so it never really airs out properly.,Public,C,First,12,Washroom,since last Friday,29,0,Low,Resolved,14-06-2026
C0185,"dropped my water bottle somewhere between the library and Block A, if anyone finds it pls let me know, for 4 days now.",Private,A,Second,26,Security,for 4 days now,1,0,Low,Pending,15-06-2026
C0186,"Noticed sparks coming from the wall socket near my bed last night, kind of scared to switch it on again.",Public,C,First,16,Electricity,since last night,1,0,Critical,In Progress,15-06-2026
C0187,"water pressure is extremely low every morning, cant even fill a bucket properly, pls fix asap",Public,C,Second,23,Water Supply,for over a week,53,22,High,Pending,15-06-2026
C0188,"Rainwater keeps entering the ground floor corridor because of blocked drainage, for the past 2 days. Would appreciate a quick fix.",Public,C,First,11,Drainage,for the past 2 days,21,12,High,In Progress,15-06-2026
C0189,"Power backup didnt kick in at all during last nights outage, we sat in the dark for hours.",Public,A,Ground,3,Electricity,since last night,111,11,High,Pending,16-06-2026
C0190,"washroom mirror is covered in stains and never actually gets wiped down for 3-4 days now, someone pls check this",Public,A,Second,23,Cleanliness,for 3-4 days now,40,12,Low,In Progress,16-06-2026
C0191,"wifi password got changed without telling anyone, nobody on the floor can connect now, pls fix asap",Public,C,Ground,10,WiFi,since 2 hours,36,17,Medium,In Progress,16-06-2026
C0192,The milk served at breakfast smelled slightly off this morning!!,Public,B,First,11,Mess,since this morning,4,0,High,Pending,16-06-2026
C0193,"Since last Friday, toilet seat in the washroom on Second floor is broken and wobbly.",Public,A,Second,25,Washroom,since last Friday,19,6,Low,Rejected,16-06-2026
C0194,Left my denim jacket in the mess hall yesterday and cant find it anywhere now. Its been really inconvenient for all of us.,Private,A,Ground,2,Security,since yesterday,1,0,Low,Pending,16-06-2026
C0195,"Hi, there were small stones in the rice today, I almost broke a tooth",Public,C,Second,29,Mess,since this morning,2,0,High,In Progress,16-06-2026
C0196,lift button panel gives a slight spark when pressed.,Public,C,Second,27,Lift,since noon,16,9,Critical,In Progress,17-06-2026
C0197,"misplaced my umbrella in the common area, it has my name written on it, kindly fix soon",Private,B,Ground,10,Security,for 5 hours,1,0,Low,In Progress,17-06-2026
C0198,"the lift interior light has been dim for days now, kind of unpleasant to use at night, need this fixed soon",Public,B,Ground,7,Lift,for 4 days now,21,4,Medium,Pending,17-06-2026
C0199,"Inverter in Block B isnt charging properly, backup barely lasts 10 minutes now (for 2 weeks now). Please look into this.",Public,B,First,14,Electricity,for 2 weeks now,28,7,Medium,Pending,17-06-2026
C0200,"Sir, theres a moldy smell coming from the bathroom ceiling, it wont go away, since 2 hours. Kindly resolve at the earliest.",Public,B,Second,25,Washroom,since 2 hours,1,0,Low,Resolved,17-06-2026
C0201,wall paint near my bed has started peeling off pretty badly,Public,C,Second,28,Furniture,since last week,1,0,Low,Pending,18-06-2026
C0202,"Hi, construction work right outside starts at 6am and its impossible to get any sleep",Public,C,First,14,Noise,since Wednesday,99,27,High,Rejected,18-06-2026
C0203,Corridor floor on First floor is covered in dust and hasnt been swept in a while (for 5 hours). Please look into this.,Public,C,First,19,Cleanliness,for 5 hours,23,7,Low,Resolved,19-06-2026
C0204,"For more than 10 days, garbage bins outside Block A havent been emptied in almost a week now.",Public,A,First,12,Cleanliness,for more than 10 days,32,11,Medium,Resolved,19-06-2026
C0205,"Common room curtains are torn and dont close fully anymore, sunlight comes in all day!!",Public,B,First,17,Furniture,for 3-4 days now,35,0,Low,Pending,19-06-2026
C0206,"Curtain rod in my room fell down again, this is the third time this month. Please look into this",Public,A,Ground,10,Furniture,for a month now,1,0,Low,Rejected,20-06-2026
C0207,"Hi, false ceiling panel near the stairwell fell down suddenly yesterday",Public,A,Ground,2,Furniture,since yesterday,36,0,High,Resolved,20-06-2026
C0208,Hot water in the geyser runs out within five minutes every single morning,Public,C,First,20,Water Supply,for over a week,1,0,Medium,Resolved,20-06-2026
C0209,"found a hair in my food again today, this is like the third time this month, need this fixed soon",Public,A,Ground,9,Mess,for a month now,110,28,High,Pending,20-06-2026
C0210,Cctv camera near the main gate hasnt been working for days now.,Public,A,Second,27,Security,for 4 days now,97,10,High,Resolved,20-06-2026
C0211,"Hi, cockroaches keep coming out of the drain in my washroom every night. Please look into this.",Public,C,First,18,Pest Control,for over a week,1,0,Medium,In Progress,21-06-2026
C0212,"Bunk bed ladder in my room feels really loose, kind of unsafe to climb (for 3-4 days now). Please look into this.",Public,A,Ground,1,Furniture,for 3-4 days now,1,0,High,Pending,21-06-2026
C0213,"exhaust fan in the washroom doesnt work so it never really airs out properly for almost a week, kindly fix soon",Public,A,Ground,5,Washroom,for almost a week,37,21,Low,Resolved,21-06-2026
C0214,"theres barely any wifi signal that reaches the rooms at the end of the corridor for 5 hours, need this fixed soon",Public,A,Ground,7,WiFi,for 5 hours,10,4,Low,Resolved,22-06-2026
C0215,"Tube light near the staircase in Block A is completely dead, its pitch dark there at night.",Public,A,Ground,4,Electricity,for 5 hours,16,8,High,Resolved,22-06-2026
C0216,Id card checking at the main gate has become quite lax these days.,Private,C,Ground,6,Security,since this evening,54,15,Low,Resolved,22-06-2026
C0217,"Water tank supplying Block C seems empty, taps have been running dry since morning.",Public,C,First,15,Water Supply,since this morning,24,5,High,In Progress,22-06-2026
C0218,"found a hair in my food again today, this is like the third time this month. Not happy about this at all.",Public,B,Ground,4,Mess,for a month now,66,23,High,In Progress,22-06-2026
C0219,"Tube light near the staircase in Block A is completely dead, its pitch dark there at night, since Tuesday!!",Public,A,Ground,7,Electricity,since Tuesday,34,16,Medium,In Progress,22-06-2026
C0220,"since the weekend, tube light near the staircase in Block C is completely dead, its pitch dark there at night.",Public,C,Second,30,Electricity,since the weekend,34,12,Medium,Pending,23-06-2026
C0221,"Laundry room on Second floor was locked the entire day, couldnt wash my clothes before my exam.",Public,A,Second,22,Laundry,for 3-4 days now,17,7,Medium,Resolved,23-06-2026
C0222,Cctv camera near the main gate hasnt been working for days now. This is getting really frustrating.,Public,A,Ground,10,Security,for 4 days now,118,48,High,In Progress,23-06-2026
C0223,There is a bad power fluctuation issue thats damaging chargers and laptops on First floor (for 5 hours). Please look into this.,Public,C,First,17,Electricity,for 5 hours,19,6,High,In Progress,23-06-2026
C0224,"the water dispenser stand in the common area is cracked and looks like it might collapse since 2 hours, someone pls check this",Public,A,Ground,4,Water Cooler,since 2 hours,39,21,High,Pending,24-06-2026
C0225,"Sir, cockroaches keep coming out of the drain in my washroom every night. Kindly resolve at the earliest.",Public,A,Second,23,Pest Control,for over a week,1,0,Medium,Resolved,24-06-2026
C0226,The visitors register at the gate hasnt been updated properly in weeks.,Private,B,Ground,3,Security,for 2 weeks now,50,2,Medium,In Progress,24-06-2026
C0227,"For the past 2 days, id card checking at the main gate has become quite lax these days.",Private,C,Ground,8,Security,for the past 2 days,115,14,Low,Resolved,25-06-2026
C0228,"Sir, cctv camera near the main gate hasnt been working for days now. Kindly resolve at the earliest.",Public,B,Second,30,Security,for 4 days now,84,34,High,Pending,25-06-2026
C0229,"The washroom tap in my room is leaking non stop and wasting so much water, for over a week.",Public,A,Second,25,Leakage,for over a week,1,0,Medium,In Progress,26-06-2026
C0230,"internet speed on Ground floor becomes unusably slow after around 8pm for 2 weeks now, pls fix asap",Public,A,Ground,6,WiFi,for 2 weeks now,19,3,High,In Progress,26-06-2026
C0231,"Tube light near the staircase in Block D is completely dead, its pitch dark there at night (since this evening). Please look into this.",Public,B,First,13,Electricity,since this evening,23,3,Medium,Pending,26-06-2026
C0232,"For a month now, wifi password got changed without telling anyone, nobody on the floor can connect now.",Public,C,Ground,2,WiFi,for a month now,15,3,Low,Pending,26-06-2026
C0233,"Hi, geyser pipe connection is leaking hot water near the switch, feels pretty dangerous. Kindly resolve at the earliest.",Public,A,First,13,Leakage,since Tuesday,2,0,Low,Resolved,26-06-2026
C0234,"Laundry room on First floor was locked the entire day, couldnt wash my clothes before my exam (for almost a week). Please look into this.",Public,B,First,14,Laundry,for almost a week,33,11,High,Resolved,26-06-2026
C0235,Corridor lights on Ground floor have been flickering on and off for no reason.,Public,C,Ground,9,Electricity,since Monday,31,0,Medium,Pending,26-06-2026
C0236,"Paint on the outer building wall is fading badly and looks quite patchy now, since 30 minutes. Kindly send someone to look at it.",Public,B,Second,23,Furniture,since 30 minutes,132,53,Low,Resolved,26-06-2026
C0237,A lizard fell from the ceiling right onto my study table yesterday.,Public,A,First,13,Pest Control,since yesterday,1,0,Medium,Resolved,26-06-2026
C0238,Internet speed on Ground floor becomes unusably slow after around 8pm.,Public,C,Ground,6,WiFi,since the weekend,32,10,Medium,In Progress,27-06-2026
C0239,"Bunk bed ladder in my room feels really loose, kind of unsafe to climb. Thanks in advance.",Public,B,Second,24,Furniture,since noon,1,0,High,Rejected,27-06-2026
C0240,"Wifi keeps disconnecting every few minutes, cant even attend my online classes properly (for 4 days now). Please look into this.",Public,B,Ground,2,WiFi,for 4 days now,30,3,Medium,Pending,27-06-2026
C0241,"theres a long crack running across the ceiling of my room, getting a bit worried about it, pls fix asap",Public,A,First,14,Furniture,for more than 10 days,1,0,Low,In Progress,27-06-2026
C0242,"the washroom bin hasnt been cleaned in so long, it smells awful the moment you walk in (since last week). Please look into this.",Public,C,Ground,4,Washroom,since last week,38,13,High,Pending,28-06-2026
C0243,Toilet seat in the washroom on First floor is broken and wobbly. Please look into this.,Public,C,First,15,Washroom,for a month now,11,0,Medium,Resolved,28-06-2026
C0244,"The mosquito net frame on my window is broken and mosquitoes keep getting in, for more than 10 days. Please look into this at the earliest.",Public,C,First,20,Window,for more than 10 days,1,0,High,Resolved,28-06-2026
C0245,"Wall paint near my bed has started peeling off pretty badly, for a month now. Not happy about this at all.",Public,C,First,16,Furniture,for a month now,1,0,Low,Resolved,28-06-2026
C0246,"The washing machine ate my 20 rupees and didnt even start the cycle, since 2 hours.",Public,A,First,12,Laundry,since 2 hours,1,0,Low,In Progress,28-06-2026
C0247,"Hi, garbage bins outside Block B havent been emptied in almost a week now, someone pls check this",Public,B,Ground,2,Cleanliness,since yesterday,28,2,Medium,Pending,28-06-2026
C0248,Mess food quality has gone really bad lately.,Public,A,Second,30,Mess,since last night,128,46,High,Resolved,28-06-2026
C0249,The security guard wasnt at the front desk after 11pm again yesterday.,Public,A,Ground,2,Security,since yesterday,137,8,High,Resolved,29-06-2026
C0250,Carrom board in the common room is missing four coins so we cant even play properly.,Public,A,Ground,2,Furniture,since this evening,24,0,Low,In Progress,29-06-2026
C0251,"two of my friends fell sick after dinner yesterday, the food might have been stale, someone pls check this",Public,B,Ground,10,Mess,since yesterday,3,2,High,Resolved,29-06-2026
C0252,"The washroom bin hasnt been cleaned in so long, it smells awful the moment you walk in, since this morning. Please look into this at the earliest.",Public,A,Ground,7,Washroom,since this morning,14,3,High,In Progress,29-06-2026
C0253,"Noticed sparks coming from the wall socket near my bed last night, kind of scared to switch it on again. plz look into this.",Public,A,Ground,10,Electricity,since last night,1,0,Critical,Resolved,29-06-2026
C0254,"Sir, dustbins on my floor are overflowing and nobody has collected the trash in days, for the past 2 days. Kindly resolve at the earliest.",Public,A,Second,22,Cleanliness,for the past 2 days,25,9,Medium,Resolved,29-06-2026
C0255,"For the past 3 days, sink drain in my room is completely clogged, water just doesnt go down anymore.",Public,C,First,20,Drainage,for the past 3 days,1,0,Low,In Progress,29-06-2026
C0256,My washroom door doesnt lock properly because the pipe fitting behind it is loose and jammed (since Monday). Please look into this.,Public,C,Second,29,Washroom,since Monday,1,0,Medium,Pending,30-06-2026
C0257,"The washroom bin hasnt been cleaned in so long, it smells awful the moment you walk in, since Monday.",Public,B,First,13,Washroom,since Monday,18,10,Medium,In Progress,30-06-2026
C0258,Ants have completely taken over the shelf where I keep my snacks (for almost a week). Please look into this.,Public,C,First,15,Pest Control,for almost a week,1,0,Low,Resolved,30-06-2026
C0259,Tube light in my room keeps flickering non stop and its giving me a headache. Please look into this.,Public,B,First,13,Electricity,for more than 10 days,1,0,Low,Resolved,30-06-2026
C0260,"Sir, lift in our block has been out of service for days, we have to carry luggage up 5 floors. Kindly resolve at the earliest.",Public,C,First,19,Lift,for 4 days now,29,0,Medium,In Progress,30-06-2026
C0261,flush in the common washroom on Ground floor isnt wrking properly at all.,Public,A,Ground,3,Washroom,since yesterday,38,19,High,Pending,30-06-2026
C0262,"main gate lock has been broken since last week, literally anyone can walk in",Private,C,First,13,Security,since last week,57,21,High,Resolved,01-07-2026
C0263,"For over a week, inverter in Block A isnt charging properly, backup barely lasts 10 minutes now!!",Public,A,First,18,Electricity,for over a week,30,2,Medium,In Progress,01-07-2026
C0264,Roof of the corridor on First floor has started leaking whenever it rains.,Public,C,First,12,Furniture,for the past 3 days,35,19,Medium,Resolved,01-07-2026
C0265,"Lost my wrist watch somewhere near Block D, would really appreciate any help finding it (since the weekend). Please look into this.",Private,B,Second,27,Security,since the weekend,1,0,Low,Resolved,01-07-2026
C0266,"wifi keeps disconnecting every few minutes, cant even attend my online classes properly since Monday, someone pls check this",Public,C,First,11,WiFi,since Monday,33,5,High,Resolved,01-07-2026
C0267,"The door of my room isnt closing all the way, theres a gap at the bottom. Hope this gets resolved soon!!",Public,C,First,18,Furniture,since last Friday,2,0,Low,Resolved,02-07-2026
C0268,Fan in Room 4 makes a loud grinding noise and wobbles when running on high speed.,Public,A,Second,27,Electricity,since 2 hours,2,0,Medium,Pending,02-07-2026
C0269,"The drain right outside Block C is overflowing and it smells terrible, since last Friday.",Public,C,Second,27,Drainage,since last Friday,34,4,High,In Progress,02-07-2026
C0270,"common washroom on Ground floor hasnt been cleaned in days, it genuinely smells really bad for over a week, pls fix asap!!",Public,A,Ground,6,Cleanliness,for over a week,10,4,Medium,Pending,02-07-2026
C0271,"Mattress in my room is completely sunken in the middle, my back has been hurting (for the past 3 days). Please look into this.",Public,A,Second,30,Furniture,for the past 3 days,1,0,Medium,Pending,02-07-2026
C0272,"bunk bed ladder in my room feels really loose, kind of unsafe to climb, pls fix asap",Public,A,Ground,10,Furniture,since Monday,1,0,Medium,In Progress,03-07-2026
C0273,"The socket near my study table is loose and the plug keeps falling out, since 2 hours.",Public,C,First,14,Electricity,since 2 hours,1,0,Medium,Pending,03-07-2026
C0274,"dropped my spectacles somewhere between the library and Block A, if anyone finds it please let me know.",Private,A,First,11,Security,since 30 minutes,1,0,Low,In Progress,03-07-2026
C0275,"Lost my spectacles somewhere near Block D, would really appreciate any help finding it (for over a week). Please look into this.",Private,B,First,18,Security,for over a week,1,0,Low,Resolved,04-07-2026
C0276,"Toilet seat in the washroom on Second floor is broken and wobbly, since last Friday. Would appreciate a quick fix.",Public,A,Second,28,Washroom,since last Friday,29,8,Medium,Pending,04-07-2026
C0277,"The door of my room isnt closing all the way, theres a gap at the bottom.",Public,C,First,14,Furniture,since Wednesday,1,0,Low,Resolved,04-07-2026
C0278,The socket near my study table is loose and the plug keeps falling out.,Public,B,Second,26,Electricity,for 3-4 days now,1,0,Medium,In Progress,04-07-2026
C0279,"The cupboard door in my room wont close properly, the hinge looks broken, for 3-4 days now. Not happy about this at all.",Public,B,Ground,4,Furniture,for 3-4 days now,1,0,Low,Resolved,04-07-2026
C0280,"dustbins on my floor are overflowing and nobody has collected the trash in days for 5 hours, pls fix asap",Public,A,Second,30,Cleanliness,for 5 hours,22,8,Medium,In Progress,05-07-2026
C0281,Exhaust fan in the washroom doesnt work so it never really airs out properly (for over a week). Please look into this.,Public,A,First,20,Washroom,for over a week,21,4,Low,Pending,05-07-2026
C0282,"Carrom board in the common room is missing four coins so we cant even play properly, since Wednesday. Hope this gets resolved soon.",Public,A,First,12,Furniture,since Wednesday,40,22,Medium,Resolved,05-07-2026
C0283,The staircase railing near Ground floor is loose and wobbles when you hold it.,Public,A,Ground,6,Furniture,since Tuesday,20,1,High,Pending,05-07-2026
C0284,"Power backup didnt kick in at all during last nights outage, we sat in the dark for hours. plz look into this.",Public,A,Second,29,Electricity,since last night,107,42,High,Resolved,06-07-2026
C0285,"wardrobe door in my room doesnt shut properly anymore, the hinges look rusted through (since last week). plz look into this.",Public,B,Second,22,Furniture,since last week,1,0,Low,In Progress,06-07-2026
C0286,"door lock of the common entrance isnt latching properly, it just swings open (fr 6 days). Please look into this",Private,C,First,16,Security,for 6 days,17,6,High,Resolved,07-07-2026
C0287,rainwater keeps entering the ground floor corridor because of blocked drainage,Public,C,Ground,3,Drainage,since this morning,11,6,High,Pending,08-07-2026
C0288,"Mosquitoes are unbearable in the evenings, we havent been given any nets or repellent, since last night. Kindly send someone to look at it.",Public,B,First,13,Pest Control,since last night,37,2,High,Pending,08-07-2026
C0289,"Lost my phone charger somewhere near Block B, would really appreciate any help finding it, for 5 hours. Please look into this at the earliest.",Private,B,Ground,2,Security,for 5 hours,1,0,Low,Pending,08-07-2026
C0290,"the open drain near the entrance is breeding mosquitoes, its a health hazard honestly for 5 hours, pls fix asap",Public,A,Second,30,Drainage,for 5 hours,69,6,High,In Progress,08-07-2026
C0291,False ceiling panel near the stairwell fell down suddenly yesterday.,Public,C,Second,23,Furniture,since yesterday,26,4,High,Pending,08-07-2026
C0292,"dropped my hoodie somewhere between the library and Block B, if anyone finds it please let me know since the weekend, need this fixed soon",Private,B,First,20,Security,since the weekend,1,0,Low,In Progress,08-07-2026
C0293,"common room curtains are torn and dont close fully anymore, sunlight comes in all day since last Friday, need this fixed soon",Public,A,First,19,Furniture,since last Friday,26,0,Medium,In Progress,09-07-2026
C0294,"Corridor floor on Second floor is covered in dust and hasnt been swept in a while, since last Friday.",Public,C,Second,26,Cleanliness,since last Friday,37,17,Low,Resolved,09-07-2026
C0295,"For a month now, bunk bed ladder in my room feels really loose, kind of unsafe to climb.",Public,A,Second,23,Furniture,for a month now,1,0,High,Resolved,10-07-2026
C0296,Common washroom on Second floor hasnt been cleaned in days.,Public,B,Second,21,Cleanliness,for 5 hours,38,10,Medium,In Progress,10-07-2026
C0297,"The generator right outside makes it impossible to study in the evenings, for more than 10 days. Thanks in advance.",Public,B,First,14,Noise,for more than 10 days,132,9,Low,Resolved,10-07-2026
C0298,"The generator right outside makes it impossible to study in the evenings, for almost a week. plz look into this at the earliest.",Public,C,First,12,Noise,for almost a week,138,39,Low,Pending,10-07-2026
C0299,"Hello, found bed bugs in my mattress, honestly cant sleep properly anymore, for 4 days now. Kindly resolve at the earliest.",Public,B,Second,26,Pest Control,for 4 days now,1,0,High,Resolved,10-07-2026
C0300,"Dear Warden, water pressure is extremely low every morning, cant even fill a bucket properly. Kindly resolve at the earliest.",Public,C,First,14,Water Supply,for over a week,95,39,High,In Progress,10-07-2026
C0301,"Hello, ceiling fan regulator is broken so the fan only runs on full speed.",Public,C,Second,25,Electricity,for almost a week,1,0,Low,Rejected,10-07-2026
C0302,"Sink drain in my room is completely clogged, water just doesnt go down anymore. Please fix this as soon as possible.",Public,A,Ground,3,Drainage,for 5 hours,1,0,Low,Resolved,10-07-2026
C0303,"wardrobe door in my room doesnt shut properly anymore, the hinges look rusted through since Monday, kindly fix soon",Public,B,Ground,10,Furniture,since Monday,1,0,Low,Pending,10-07-2026
C0304,"There were small stones in the rice today, I almost broke a tooth. Please fix this as soon as possible.",Public,A,First,20,Mess,since this morning,2,1,Medium,In Progress,11-07-2026
C0305,"My umbrella went missing from the room, not really sure if it was stolen or just misplaced, since last week. Would appreciate a quick fix!!",Private,C,Ground,1,Security,since last week,1,0,Low,Resolved,11-07-2026
C0306,"RO purifier on Ground floor of Block B stopped working, water tastes really weird now.",Public,B,Ground,2,Water Supply,for 5 hours,37,10,Medium,Pending,11-07-2026
C0307,"Corridor lights on First floor have been flickering on and off for no reason, since 30 minutes.",Public,B,First,12,Electricity,since 30 minutes,15,3,High,Resolved,11-07-2026
C0308,"Two of my friends fell sick after dinner yesterday, the food might have been stale. Please look into this.",Public,B,Second,24,Mess,since yesterday,2,1,High,In Progress,11-07-2026
C0309,"Hello, my denim jacket went missing from the room, not really sure if it was stolen or just misplaced, since Wednesday. Kindly resolve at the earliest.",Private,A,Ground,10,Security,since Wednesday,1,0,Low,Pending,11-07-2026
C0310,"Hello, mosquitoes are unbearable in the evenings, we havent been given any nets or repellent, for 5 hours. Kindly resolve at the earliest.",Public,C,Ground,4,Pest Control,for 5 hours,10,6,High,Pending,12-07-2026
C0311,"Sir, dryer in the laundry area has been out of order for days now, clothes just wont dry. Kindly resolve at the earliest.",Public,A,Ground,4,Laundry,for 4 days now,26,5,Low,Pending,12-07-2026
C0312,Roof of the corridor on Ground floor has started leaking whenever it rains.,Public,C,Ground,1,Furniture,for over a week,23,0,Medium,Resolved,12-07-2026
C0313,washroom mirror is covered in stains and never actually gets wiped down. Would appreciate a quick fix,Public,C,Ground,1,Cleanliness,since 2 hours,39,22,Low,Pending,12-07-2026
C0314,"lift button panel gives a slight spark when pressed, might be a wiring issue.",Public,B,First,19,Lift,for 2 weeks now,12,2,Critical,Resolved,12-07-2026
C0315,Paint on the outer building wall is fading badly and looks quite patchy now. Please look into this.,Public,B,Second,23,Furniture,since yesterday,79,33,Medium,Pending,12-07-2026
C0316,"Mosquitoes are unbearable in the evenings, we havent been given any nets or repellent.",Public,A,Second,30,Pest Control,for 4 days now,40,0,High,In Progress,12-07-2026
C0317,"Sir, flush in the common washroom on Ground floor isnt working properly at all, for the past 3 days. Kindly resolve at the earliest.",Public,B,Ground,7,Washroom,for the past 3 days,36,0,Medium,Pending,12-07-2026
C0318,theres barely any wifi signal that reaches the rooms at the end of the corridor,Public,A,Ground,7,WiFi,for over a week,29,2,Low,Pending,13-07-2026
C0319,"wall paint near my bed has started peeling off pretty badly since noon, someone pls check this",Public,A,Ground,6,Furniture,since noon,1,0,Low,Resolved,13-07-2026
C0320,"Hello, sink drain in my room is completely clogged, water just doesnt go down anymore, for almost a week. Not happy about this at all.",Public,B,First,17,Drainage,for almost a week,1,0,Low,Pending,13-07-2026
C0321,"Hi, rO purifier on Ground floor of Block A stopped working, water tastes really weird now, need this fixed soon",Public,A,Ground,9,Water Supply,since Tuesday,31,0,High,Resolved,13-07-2026
C0322,"for the past 3 days, mess timing keeps changing without any notice, we end up missing dinner.",Public,B,First,20,Mess,for the past 3 days,114,42,Medium,Pending,13-07-2026
C0323,"Wardrobe door in my room doesnt shut properly anymore, the hinges look rusted through, for almost a week. This is getting really frustrating.",Public,C,Second,25,Furniture,for almost a week,1,0,Medium,Pending,14-07-2026
C0324,"Shower head in the bathroom is broken, water just sprays sideways everywhere!!",Public,A,Second,21,Washroom,since noon,1,0,Low,Resolved,14-07-2026
C0325,"Mess timing keeps changing without any notice, we end up missing dinner (since Wednesday). Please look into this.",Public,A,First,18,Mess,since Wednesday,138,10,Medium,Pending,14-07-2026
C0326,Washroom mirror is covered in stains and never actually gets wiped down.,Public,C,Second,28,Cleanliness,for the past 2 days,39,0,Low,Pending,14-07-2026
C0327,"my laptop charger went missing from the room, not really sure if it was stolen or just misplaced since this morning, kindly fix soon",Private,C,Ground,9,Security,since this morning,1,0,Low,Pending,14-07-2026
C0328,"Hi, misplaced my bunch of keys in the common area, it has my name written on it, since 2 hours. This is getting really frustrating.",Private,A,First,19,Security,since 2 hours,1,0,Low,Resolved,14-07-2026
C0329,Window latch in my room is broken so it doesnt lock shut anymore (for 3-4 days now). Please look into this.,Public,C,Ground,6,Window,for 3-4 days now,1,0,Low,In Progress,14-07-2026
C0330,"Paint on the outer building wall is fading badly and looks quite patchy now, for 5 hours.",Public,A,First,16,Furniture,for 5 hours,60,24,Medium,In Progress,15-07-2026
C0331,"For the past 3 days, inverter in Block B isnt charging properly, backup barely lasts 10 minutes now.",Public,B,First,12,Electricity,for the past 3 days,27,14,Medium,Pending,15-07-2026
C0332,The washing machine ate my 20 rupees and didnt even start the cycle (since 2 hours). Please look into this.,Public,C,First,20,Laundry,since 2 hours,1,0,Low,Resolved,16-07-2026
C0333,"Hi, theres been no drinking water in the cooler on Second floor since this morning.",Public,A,Second,28,Water Cooler,since this morning,37,3,High,Pending,16-07-2026
C0334,"corridor lights on Ground floor have been flickering on and off for no reason, for more than 10 days. Not happy about this at all.",Public,C,Ground,10,Electricity,for more than 10 days,10,0,High,In Progress,16-07-2026
C0335,"Theres a long crack running across the ceiling of my room, getting a bit worried about it, since last night.",Public,B,First,15,Furniture,since last night,1,0,Medium,In Progress,16-07-2026
C0336,"Toilet seat in the washroom on Second floor is broken and wobbly, since 2 hours. Would appreciate a quick fix.",Public,C,Second,21,Washroom,since 2 hours,21,12,Medium,Resolved,16-07-2026
C0337,A group keeps playing loud games in the corridor past midnight almost every day.,Public,C,First,17,Noise,for over a week,32,18,Low,Pending,17-07-2026
C0338,"Since noon, mess food quality has gone really bad lately, everything tastes bland and comes out cold.",Public,B,Ground,5,Mess,since noon,127,56,High,Resolved,17-07-2026
C0339,The router near the common room has just been blinking red since yesterday. Not happy about this at all!!,Public,B,Ground,6,WiFi,since yesterday,39,3,Medium,Resolved,18-07-2026
C0340,internet speed on Second floor becomes unusably slow after around 8pm.,Public,B,Second,23,WiFi,for 4 days now,15,0,Low,In Progress,18-07-2026
C0341,"Laundry room on Second floor was locked the entire day, couldnt wash my clothes before my exam, since 30 minutes.",Public,B,Second,29,Laundry,since 30 minutes,36,14,Medium,Resolved,18-07-2026
C0342,"mosquitoes are unbearable in the evenings, we havent been given any nets or repellent for more than 10 days, kindly fix soon",Public,B,First,16,Pest Control,for more than 10 days,15,0,High,In Progress,18-07-2026
C0343,My bed frame is creaking really badly and one leg feels loose (for more than 10 days). Please look into this.,Public,A,Ground,9,Furniture,for more than 10 days,1,0,Medium,Resolved,18-07-2026
C0344,"For more than 10 days, bunk bed ladder in my room feels really loose, kind of unsafe to climb.",Public,C,First,16,Furniture,for more than 10 days,1,0,High,In Progress,18-07-2026
C0345,"common room curtains are torn and dont close fully anymore, sunlight comes in all day",Public,C,Ground,7,Furniture,for 5 hours,26,10,Low,Rejected,19-07-2026
C0346,Cockroaches keep coming out of the drain in my washroom every night. Please look into this.,Public,A,Ground,4,Pest Control,for over a week,1,0,Medium,Resolved,20-07-2026
C0347,"Respected Warden, corridor floor on Second floor is covered in dust and hasnt been swept in a while, for 6 days. Kindly resolve at the earliest.",Public,B,Second,23,Cleanliness,for 6 days,29,17,Medium,Pending,20-07-2026
C0348,"corridor lights on Ground floor have been flickering on and off for no reason, need this fixed soon",Public,C,Ground,4,Electricity,since last Friday,13,0,Medium,In Progress,20-07-2026
C0349,"since Tuesday, sink drain in my room is completely clogged, water just doesnt go down anymore",Public,B,Second,25,Drainage,since Tuesday,1,0,Low,Rejected,21-07-2026
C0350,"wifi keeps disconnecting every few minutes, cant even attend my online classes properly for almost a week, someone pls check this",Public,C,Ground,7,WiFi,for almost a week,16,9,Medium,Resolved,21-07-2026
C0351,"Mess timing keeps changing without any notice, we end up missing dinner, since last Friday.",Public,B,First,19,Mess,since last Friday,131,36,Medium,Resolved,21-07-2026
C0352,"Mess timing keeps changing without any notice, we end up missing dinner. Thanks in advance.",Public,C,Ground,8,Mess,for over a week,63,12,Medium,In Progress,21-07-2026
C0353,Wall paint near my bed has started peeling off pretty badly. This is getting really frustrating.,Public,B,First,14,Furniture,since noon,1,0,Low,In Progress,21-07-2026
C0354,Study table in the common area on First floor has a broken drawer. Its been really inconvenient for all of us.,Public,B,First,15,Furniture,since last week,12,2,Low,Pending,21-07-2026
C0355,"Dropped my laptop charger somewhere between the library and Block B, if anyone finds it please let me know, for the past 2 days. Kindly send someone to look at it.",Private,B,Ground,4,Security,for the past 2 days,1,0,Low,Pending,22-07-2026
C0356,"hello, false ceiling panel near the stairwell fell down suddenly yesterday",Public,C,First,16,Furniture,since yesterday,38,22,High,Resolved,22-07-2026
C0357,"Mess hall tables are always sticky and the floor never actually gets mopped, since this evening.",Public,C,Ground,10,Mess,since this evening,116,56,High,In Progress,22-07-2026
C0358,"Water tank supplying Block A seems empty, taps have been running dry since morning.",Public,A,Ground,3,Water Supply,since this morning,16,0,High,In Progress,22-07-2026
C0359,"sir, geyser pipe connection is leaking hot water near the switch, feels pretty dangerous, for 3-4 days now. Kindly resolve at the earliest",Public,C,First,14,Leakage,for 3-4 days now,1,0,High,Resolved,22-07-2026
C0360,"My ID card went missing from the room, not really sure if it was stolen or just misplaced, since Monday. Please look into this at the earliest.",Private,C,First,11,Security,since Monday,2,0,Low,In Progress,22-07-2026
C0361,"Sir, mess hall tables are always sticky and the floor never actually gets mopped, since noon. Kindly resolve at the earliest.",Public,C,Ground,8,Mess,since noon,58,14,High,In Progress,22-07-2026
C0362,Theres a big water tank overflow issue on the terrace thats been going on for days.,Public,C,Ground,10,Furniture,for 4 days now,132,65,High,In Progress,22-07-2026
C0363,"Since last week, lost my spectacles somewhere near Block C, would really appreciate any help finding it.",Private,C,First,17,Security,since last week,1,0,Low,Resolved,23-07-2026
C0364,"Hello, flush in the common washroom on Second floor isnt working properly at all.",Public,C,Second,30,Washroom,for 6 days,40,11,High,Resolved,23-07-2026
C0365,Tube light in my room keeps flickering non stop and its giving me a headache.,Public,C,First,15,Electricity,since Wednesday,1,0,Low,Pending,23-07-2026
C0366,"My clothes went missing from the washing machine, this is actually the second time this month. Please look into this.",Public,C,Ground,4,Laundry,for a month now,2,0,Medium,Resolved,23-07-2026
C0367,"a group keeps playing loud games in the corridor past midnight almost every day, pls fix asap",Public,A,Second,22,Noise,for over a week,37,3,Low,Resolved,24-07-2026
C0368,"Someone unknown tried 2 enter our floor around midnight, the entry log wasnt even checked, fr a month now.",Private,A,Ground,5,Security,for a month now,24,12,High,Pending,24-07-2026
C0369,"rO purifier on First floor of Block B stopped working, water tastes really weird now, need this fixed soon",Public,B,First,14,Water Supply,for the past 2 days,27,0,Medium,Rejected,24-07-2026
C0370,Door lock of the common entrance isnt latching properly.,Private,B,Ground,7,Security,for almost a week,31,0,High,In Progress,24-07-2026
C0371,"hello, the main entrance door of Block A doesnt close properly at night anymore.",Public,A,Second,29,Door,since Monday,66,15,Low,Pending,25-07-2026
C0372,"Sir, my earphones went missing from the room, not really sure if it was stolen or just misplaced, since 30 minutes. Kindly resolve at the earliest",Private,B,First,16,Security,since 30 minutes,1,0,Low,Resolved,26-07-2026
C0373,Lift floor indicator display isnt working so we cant tell which floor we are on.,Public,A,First,18,Lift,since last week,40,0,Low,In Progress,26-07-2026
C0374,"Lost my water bottle somewhere near Block A, would really appreciate any help finding it.",Private,A,Second,23,Security,for the past 3 days,1,0,Low,Pending,26-07-2026
C0375,"The washroom tap in my room is leaking non stop and wasting so much water, for 3-4 days now.",Public,C,First,18,Leakage,for 3-4 days now,1,0,Medium,Pending,26-07-2026
C0376,cockroaches keep coming out of the drain in my washroom every night!!,Public,A,First,13,Pest Control,for over a week,1,0,Low,Pending,26-07-2026
C0377,"Since noon, corridor lights on Second floor have been flickering on and off for no reason.",Public,C,Second,25,Electricity,since noon,35,4,High,In Progress,27-07-2026
C0378,"Internet speed on Second floor becomes unusably slow after around 8pm, for 6 days.",Public,B,Second,21,WiFi,for 6 days,23,4,High,Rejected,27-07-2026
C0379,"Theres a moldy smell coming from the bathroom ceiling, it wont go away. Please look into this.",Public,C,Second,22,Washroom,since Wednesday,1,1,Medium,Rejected,27-07-2026
C0380,Hot water in the geyser runs out within five minutes every single morning!!,Public,A,First,16,Water Supply,for over a week,1,0,Low,Rejected,27-07-2026
C0381,"hot water in the geyser runs out within five minutes every single morning, pls fix asap",Public,B,Second,21,Water Supply,for over a week,2,0,Low,Resolved,27-07-2026
C0382,"my room door lock is jammed, I had to climb through the window yesterday. pls look into this at the earliest",Public,C,Second,30,Furniture,since yesterday,1,0,High,Pending,27-07-2026
C0383,"the electrical panel near the stairwell keeps making a buzzing sound, sounds unsafe. Kindly send someone to look at it.",Public,B,Ground,4,Electricity,for 2 weeks now,29,8,High,Resolved,27-07-2026
C0384,"Fan in Room 6 makes a loud grinding noise and wobbles when running on high speed, fr almost a week. Please fix this as soon as possible.",Public,A,Ground,9,Electricity,for almost a week,1,0,Medium,Pending,28-07-2026
C0385,"Respected Warden, door lock of the common entrance isnt latching properly, it just swings open, since yesterday. Kindly resolve at the earliest.",Private,B,First,11,Security,since yesterday,15,8,High,In Progress,28-07-2026
C0386,"Since this morning, construction work right outside starts at 6am and its impossible to get any sleep.",Public,B,Second,24,Noise,since this morning,58,9,High,Rejected,28-07-2026
C0387,"My room door lock is jammed, I had to climb through the window yesterday.",Public,C,Second,28,Furniture,since yesterday,1,0,High,Pending,28-07-2026
C0388,"Since this evening, mosquitoes are unbearable in the evenings, we havent been given any nets or repellent.",Public,C,First,14,Pest Control,since this evening,37,3,Medium,In Progress,29-07-2026
C0389,Boundary wall near Block B has a visible crack running through it.,Public,B,Second,22,Furniture,since Wednesday,108,32,High,Pending,29-07-2026
C0390,"Lost my phone charger somewhere near Block A, would really appreciate any help finding it. Please look into this at the earliest.",Private,A,First,20,Security,since 30 minutes,1,0,Low,In Progress,29-07-2026
C0391,"My bed frame is creaking really badly and one leg feels loose, since Monday",Public,B,First,18,Furniture,since Monday,1,0,Medium,Resolved,29-07-2026
C0392,"Hi, misplaced my bunch of keys in the common area, it has my name written on it, since last week. Kindly resolve at the earliest.",Private,A,Ground,5,Security,since last week,2,0,Low,Rejected,30-07-2026
C0393,Sofa in the common room has a broken leg and keeps tilting to one side.,Public,C,First,18,Furniture,since noon,17,7,Low,In Progress,30-07-2026
C0394,"water coming out of the tap looks yellowish and smells kind of bad, for more than 10 days!!",Public,C,First,13,Water Supply,for more than 10 days,39,16,High,Resolved,30-07-2026
C0395,Water coming out of the tap looks yellowish and smells kind of bad. Please look into this.,Public,B,Second,23,Water Supply,since Wednesday,11,3,High,In Progress,30-07-2026
C0396,"Laundry area tap is leaking badly, theres always a puddle near the machines.",Public,C,Ground,3,Laundry,since Monday,16,4,Medium,In Progress,31-07-2026
C0397,"Since last Friday, lost my wrist watch somewhere near Block B, would really appreciate any help finding it.",Private,B,Second,27,Security,since last Friday,1,0,Low,Pending,31-07-2026
C0398,"For over a week, fan in Room 36 makes a loud grinding noise and wobbles when running on high speed.",Public,C,First,11,Electricity,for over a week,1,0,Low,Pending,31-07-2026
C0399,Study table drawer in Room 33 is stuck and just wont open.,Public,C,Second,21,Furniture,for over a week,1,0,Low,In Progress,31-07-2026
C0400,"The lift interior light has been dim for days now, kind of unpleasant to use at night.",Public,B,First,19,Lift,for 4 days now,20,4,Low,Resolved,31-07-2026
C0401,"Madam, shower in the common bathroom only gives cold water no matter how long you wait.",Public,B,Fourth,41,Washroom,since 2 hours,8,3,Medium,Resolved,11-05-2026
C0402,"Dear Warden, wifi speed in the corner rooms is always weaker than the rest of the floor.",Public,A,Ground,3,WiFi,since Monday,6,1,Low,Pending,18-07-2026
C0403,"Madam, there was no water at all on our floor for almost the whole morning.",Public,B,First,14,Water Supply,since last night,41,9,High,In Progress,25-03-2026
C0404,"To whoever is in charge, an outsider was seen loitering near the block gate late at night and nobody stopped him. Please fix this soon.",Public,B,Fourth,47,Security,for the last few days,53,15,Critical,In Progress,25-03-2026
C0405,"Hello, window latch in my room is a bit stiff but still usable. Please fix this soon.",Public,B,Second,21,Window,since two days back,2,1,Low,In Progress,23-06-2026
C0406,"Hi, my laptop was stolen from my room while i had stepped out for dinner.",Private,B,First,16,Security,since two days back,1,1,High,Pending,26-07-2026
C0407,The washroom on our floor hasnt been cleaned properly in a while. Hope this gets resolved soon.,Public,B,Fourth,41,Washroom,since last night,9,5,Medium,Pending,18-07-2026
C0408,"Sir, the water cooler on our floor makes a loud buzzing noise, for 4 days now. Need this fixed soon.",Public,A,Second,29,Water Cooler,since last Friday,9,6,Low,Rejected,06-03-2026
C0409,"Madam, wifi speed has dropped drastically since the new semester started. This needs urgent attention.",Public,B,First,12,WiFi,for a month now,24,12,Medium,In Progress,21-06-2026
C0410,"Good morning, there was a complete power outage on our floor for almost the entire night. Kindly send someone to check.",Public,C,Third,33,Electricity,since Wednesday,39,21,High,Pending,09-05-2026
C0411,"Hey, there is a slight rattling sound from the fan blade in my room, not too bothersome yet. Not happy about this at all.",Public,B,Second,23,Fan,since two days back,1,0,Low,In Progress,26-05-2026
C0412,"Good morning, there are quite a few mosquitoes near the washroom area every evening. Someone please check this.",Public,C,Ground,1,Pest Control,for over a week,11,9,Medium,Pending,19-07-2026
C0413,"Just wanted to mention, the lift has been making a grinding noise and stopping abruptly between floors, for 6 days. Kindly send someone to check.",Public,A,Ground,1,Lift,for 5 hours,36,25,High,Resolved,14-06-2026
C0414,"Madam, the ethernet port in my room hasnt been working for the past few days. Kindly resolve at the earliest.",Public,C,Ground,8,Internet,for over a week,15,12,Medium,In Progress,18-07-2026
C0415,"Madam, someone parked a bike blocking the fire exit near the parking area. Please fix this soon.",Public,C,Second,24,Parking,for 2 weeks now,18,12,Medium,Pending,13-07-2026
C0416,"Hi, water coming out of the tap looks slightly cloudy and has a strange smell, for almost a week. Hope this gets resolved soon.",Public,C,Second,23,Water Supply,for over a week,14,4,Medium,In Progress,09-02-2026
C0417,"Hey, wifi speed has dropped drastically since the new semester started. Please treat this as urgent.",Public,A,First,17,WiFi,since Tuesday,27,21,Medium,Pending,29-07-2026
C0418,"Respected Warden, the mess only had one curry option today which felt less compared to usual. Someone please check this.",Public,B,Second,27,Mess,for 6 days,13,9,Low,Pending,12-07-2026
C0419,"Hey, the washroom light on our floor stays off no matter how many times we flip the switch, for 3-4 days now.",Public,A,Third,37,Light,for a month now,3,1,Medium,Pending,24-07-2026
C0420,"Excuse me, water supply has been irregular the entire week, some days it just doesnt come.",Public,A,Third,33,Water Supply,for almost a week,34,9,High,Resolved,14-03-2026
C0421,"Hello, the vegetables in todays lunch were not washed properly, could see mud on them. Please treat this as urgent.",Public,B,Fourth,48,Mess,for more than 10 days,15,10,Medium,Resolved,15-05-2026
C0422,"The timing of water supply keeps shifting and nobody tells us in advance, for close to a fortnight.",Public,B,Fourth,50,Water Supply,for 2 weeks now,14,4,Medium,Pending,11-07-2026
C0423,The door handle in my room feels loose and might fall off soon. Kindly resolve at the earliest.,Public,B,Fourth,42,Door,for 3-4 days now,1,1,Low,Pending,19-05-2026
C0424,There are quite a few mosquitoes near the washroom area every evening. Thanks in advance.,Public,A,First,20,Pest Control,since last Friday,20,5,Medium,Rejected,25-01-2026
C0425,"Respected Warden, one of the washroom doors doesnt latch shut properly. Please look into this.",Public,A,Ground,7,Washroom,for the past few hours,15,3,Medium,Rejected,26-06-2026
C0426,"Sir, cycle stand near the block entrance is overcrowded, hardly any space left, since 2 hours. Please fix this soon.",Public,A,Third,40,Parking,for 4 days now,18,12,Low,Pending,15-06-2026
C0427,"To whoever is in charge, the food served at dinner today tasted undercooked and a few of us felt uneasy after eating it. Please look into this.",Public,B,Fourth,44,Mess,for 6 days,49,23,High,Pending,05-07-2026
C0428,"Hey, construction work outside starts really early and disturbs everyone trying to study. Need this fixed soon.",Public,A,First,20,Noise,since 2 hours,28,15,Medium,Pending,12-07-2026
C0429,"Quick complaint, wifi speed has dropped drastically since the new semester started. Thanks in advance.",Public,C,Second,28,WiFi,for the past 3 days,29,20,Medium,Resolved,13-04-2026
C0430,"Hey, there was a small insect found in todays sabzi, several of us noticed it. Would help a lot if this got fixed.",Public,C,Second,29,Mess,since 30 minutes,35,14,High,Pending,12-07-2026
C0431,The laundry service keeps delaying pickups by almost a week now. Please fix this soon.,Public,B,First,18,Laundry,since last night,3,2,Medium,Rejected,29-05-2026
C0432,"To whoever is in charge, the chair in my room has a broken leg and wobbles every time i sit on it, since Wednesday. Need this fixed soon.",Public,B,Ground,1,Furniture,since Wednesday,1,0,Low,Rejected,05-06-2026
C0433,"Good morning, the door handle in my room feels loose and might fall off soon. This is getting really frustrating.",Public,B,Second,28,Door,since 30 minutes,2,1,Low,Resolved,17-03-2026
C0434,"Hey, cycle stand near the block entrance is overcrowded, hardly any space left. Please look into this.",Public,B,Ground,3,Parking,since this afternoon,19,15,Low,Resolved,27-03-2026
C0435,"Dear Warden, wifi speed has dropped drastically since the new semester started. Kindly send someone to check.",Public,A,Fourth,45,WiFi,for close to a fortnight,33,28,Medium,Resolved,09-06-2026
C0436,"Good morning, one of my shirts came back from laundry with a tear that wasnt there before. Need this fixed soon.",Public,A,Ground,3,Laundry,since Wednesday,1,0,Low,Pending,20-07-2026
C0437,"Just wanted to mention, there was no water at all on our floor for almost the whole morning. Someone please check this.",Public,C,Fourth,42,Water Supply,since last week,41,13,High,Resolved,07-06-2026
C0438,"Sir, i think someone went through my drawer while i was out, a few things feel out of place, for a month now. Kindly resolve at the earliest.",Private,C,Ground,5,Security,since two days back,1,0,Medium,Resolved,20-04-2026
C0439,"Hey, garbage from the bins near the entrance hasnt been cleared in three days. Kindly resolve at the earliest.",Public,A,Third,37,Cleanliness,for the past few hours,18,9,Medium,Pending,06-07-2026
C0440,"Excuse me, connection keeps dropping every few minutes making it hard to attend online classes. Hope this gets resolved soon.",Public,B,Ground,10,WiFi,since Tuesday,33,27,Medium,Rejected,24-03-2026
C0441,"Hey, the tank supplying our floor seems to have run dry, taps are just making noise with no water coming out, for more than 10 days. Would help a lot if this got fixed.",Public,C,First,20,Water Supply,for over a week,33,20,High,Pending,16-07-2026
C0442,The same menu has been repeated for four days in a row now. Please fix this soon.,Public,C,Second,28,Mess,for 2 weeks now,24,15,Medium,Pending,06-07-2026
C0443,"Respected Warden, there was a burning smell followed by visible sparks from the wall socket near my bed, since this afternoon. Kindly resolve at the earliest.",Public,B,Second,21,Electricity,since this afternoon,5,2,Critical,Resolved,04-04-2026
C0444,"Quick complaint, flush in the washroom near the stairs has completely stopped working, since noon.",Public,C,Ground,5,Washroom,since last night,29,22,High,Pending,25-07-2026
C0445,"Hello, i think someone went through my drawer while i was out, a few things feel out of place, for a month now.",Private,A,First,12,Security,for 5 hours,2,2,Medium,In Progress,21-06-2026
C0446,"To whoever is in charge, the laundry service keeps delaying pickups by almost a week now. This is getting really frustrating.",Public,C,First,19,Laundry,for almost 2 weeks,2,1,Medium,In Progress,01-06-2026
C0447,"Respected Warden, water coming out of the tap looks slightly cloudy and has a strange smell. Would help a lot if this got fixed.",Public,B,First,15,Water Supply,for a month now,25,19,Medium,Pending,15-07-2026
C0448,"Hey, cctv camera near the back gate hasnt been working for over a week. This needs urgent attention.",Public,A,First,14,Security,since 2 hours,66,28,High,In Progress,24-06-2026
C0449,"Sir, flush in the washroom near the stairs has completely stopped working. pls fix asap",Public,C,Ground,10,Washroom,since this evening,25,19,High,In Progress,12-07-2026
C0450,"To whoever is in charge, the laundry service keeps delaying pickups by almost a week now. pls fix asap",Public,B,Second,25,Laundry,for almost 2 weeks,3,2,Medium,Pending,15-07-2026
C0451,"Respected Warden, main entrance door of our block has been stuck half open for two days, anyone could walk in at night. This is getting really frustrating.",Public,B,Second,30,Door,since 2 hours,34,11,High,In Progress,13-06-2026
C0452,"Quick complaint, power has been cutting on and off every hour on our floor since yesterday. Kindly resolve at the earliest.",Public,A,Ground,5,Electricity,since last Friday,48,8,High,Resolved,01-03-2026
C0453,"Dear Warden, the wifi on our floor becomes almost unusable every evening after 8. Please treat this as urgent.",Public,C,First,13,WiFi,since Thursday,17,10,Medium,Pending,20-07-2026
C0454,"Hey, the common room hasnt been swept in days, dust has piled up everywhere. Hope this gets resolved soon.",Public,A,First,11,Cleanliness,for close to a fortnight,24,19,Medium,In Progress,10-07-2026
C0455,"Hello, the same menu has been repeated for four days in a row now. Please treat this as urgent.",Public,B,First,15,Mess,since Tuesday,21,18,Medium,In Progress,02-07-2026
C0456,"Just wanted to mention, the vegetables in todays lunch were not washed properly, could see mud on them. Someone please check this.",Public,B,Fourth,47,Mess,since Thursday,23,4,Medium,In Progress,07-02-2026
C0457,"To whoever is in charge, water from the bathroom drain backs up every time someone upstairs uses the washroom. Someone please check this.",Public,B,Third,36,Drainage,since this afternoon,22,13,High,Pending,28-07-2026
C0458,"Good morning, the window in my room doesnt close properly and lets in rain during storms. Kindly resolve at the earliest.",Public,A,Ground,8,Window,for almost a week,1,1,Medium,In Progress,21-06-2026
C0459,"Hi, one of my shirts came back from laundry with a tear that wasnt there before, for the last few days. pls fix asap",Public,C,Fourth,49,Laundry,for close to a fortnight,2,1,Low,Resolved,31-05-2026
C0460,"Quick complaint, my roommate and i have been having constant arguments over shared space and it has gotten pretty tense. Kindly resolve at the earliest.",Private,C,Ground,4,Security,for 4 days now,2,2,Medium,Pending,05-07-2026
C0461,"Respected Warden, shower in the common bathroom only gives cold water no matter how long you wait, since Tuesday. Hope this gets resolved soon.",Public,A,Third,36,Washroom,for almost a week,9,6,Medium,Pending,22-07-2026
C0462,"Good morning, cockroaches have taken over the kitchen area of the mess, its becoming unhygienic. Please look into this.",Public,C,Fourth,45,Pest Control,since 30 minutes,51,12,High,Resolved,19-03-2026
C0463,The main electrical panel for our floor is making a buzzing sound constantly. Kindly send someone to check.,Public,A,First,19,Electricity,since 30 minutes,33,19,High,In Progress,25-04-2026
C0464,"Hello, someone parked a bike blocking the fire exit near the parking area, for the past 2 days.",Public,A,Second,24,Parking,since yesterday,21,5,Medium,In Progress,29-06-2026
C0465,The mess only had one curry option today which felt less compared to usual. Not happy about this at all.,Public,B,Third,40,Mess,since noon,5,1,Low,Pending,12-06-2026
C0466,"Hi, the timing of water supply keeps shifting and nobody tells us in advance. Need this fixed soon.",Public,A,First,13,Water Supply,for a month now,10,3,Medium,Rejected,17-02-2026
C0467,"One bulb in the corridor near the stairs has fused and needs replacing, since Monday.",Public,C,Third,34,Light,for 5 hours,8,1,Low,Resolved,09-03-2026
C0468,"Hey, power has been cutting on and off every hour on our floor since yesterday. Not happy about this at all.",Public,A,First,20,Electricity,for the last few days,23,11,High,Resolved,16-06-2026
C0469,"Dear Warden, there is a rat moving around the store room near the common area at night. Someone please check this.",Public,A,Third,31,Pest Control,for 6 days,28,24,High,In Progress,28-05-2026
C0470,The laundry service keeps delaying pickups by almost a week now. Please look into this.,Public,A,Third,32,Laundry,for 3-4 days now,2,1,Medium,Pending,15-07-2026
C0471,"Hey, there hasnt been any drinking water in the cooler since this morning. Would help a lot if this got fixed.",Public,B,Second,22,Water Cooler,for 3-4 days now,21,9,Medium,In Progress,12-07-2026
C0472,"Respected Warden, the wifi on our floor becomes almost unusable every evening after 8. Please treat this as urgent.",Public,C,First,13,WiFi,since 2 hours,30,6,Medium,In Progress,27-05-2026
C0473,"Dear Warden, one of my shirts came back from laundry with a tear that wasnt there before.",Public,A,Second,22,Laundry,since yesterday,2,1,Low,In Progress,04-05-2026
C0474,"Respected Warden, mattress has a musty smell that wont go away even after airing it out, since Tuesday. Kindly resolve at the earliest.",Public,A,Ground,8,Mattress,since this afternoon,1,1,Medium,Pending,08-07-2026
C0475,"Quick complaint, paint on the study table in my room is peeling off badly. Please treat this as urgent.",Public,C,Third,40,Furniture,since the weekend,1,1,Low,In Progress,18-05-2026
C0476,"Madam, the dustbin in the common area has gone missing since last week. This needs urgent attention.",Public,C,Ground,3,Furniture,since 2 hours,2,0,Low,In Progress,12-02-2026
C0477,"Sir, shower in the common bathroom only gives cold water no matter how long you wait, for almost a week. Not happy about this at all.",Public,C,First,16,Washroom,since the weekend,20,16,Medium,Pending,20-04-2026
C0478,"Good morning, the security guard at the main gate was missing for almost the entire night. Please look into this.",Public,A,Second,27,Security,since 30 minutes,61,35,High,Pending,21-07-2026
C0479,"Hello, mess timing keeps changing without any notice and we end up missing meals. This is getting really frustrating.",Public,B,Ground,7,Mess,since Monday,34,6,Medium,Resolved,19-06-2026
C0480,"Respected Warden, cctv camera near the back gate hasnt been working for over a week. Kindly resolve at the earliest.",Public,A,Second,27,Security,since two days back,41,10,High,Pending,22-07-2026
C0481,Window latch in my room is a bit stiff but still usable. Kindly send someone to check.,Public,B,Second,28,Window,for more than 10 days,1,1,Low,Pending,27-07-2026
C0482,"Sir, the wifi on our floor becomes almost unusable every evening after 8, for close to a fortnight.",Public,A,Fourth,50,WiFi,for the past 3 days,29,21,Medium,In Progress,28-05-2026
C0483,"Dear Warden, wifi speed in the corner rooms is always weaker than the rest of the floor. Please look into this.",Public,C,Fourth,46,WiFi,for 5 hours,3,1,Low,Resolved,29-01-2026
C0484,"Respected Warden, shower in the common bathroom only gives cold water no matter how long you wait, for the past 3 days. pls fix asap",Public,B,First,13,Washroom,for 2 weeks now,17,4,Medium,In Progress,17-07-2026
C0485,"Good morning, cctv camera near the back gate hasnt been working for over a week. This needs urgent attention.",Public,B,Fourth,46,Security,for 4 days now,39,18,High,Pending,30-07-2026
C0486,"Dear Warden, garbage from the bins near the entrance hasnt been cleared in three days. Please look into this.",Public,A,Second,21,Cleanliness,since last night,11,4,Medium,Resolved,06-05-2026
C0487,"Hey, garbage from the bins near the entrance hasnt been cleared in three days.",Public,A,Fourth,50,Cleanliness,for 2 weeks now,16,6,Medium,Pending,06-07-2026
C0488,"Just wanted to mention, there was a complete power outage on our floor for almost the entire night. Please look into this.",Public,B,Third,31,Electricity,for 5 hours,27,17,High,Rejected,29-05-2026
C0489,"Respected Warden, water from the bathroom drain backs up every time someone upstairs uses the washroom, for 3-4 days now. Someone please check this.",Public,A,First,20,Drainage,for a month now,16,11,High,Pending,08-07-2026
C0490,"Hello, main door of our block doesnt close properly at night which feels unsafe. pls fix asap",Public,B,Ground,3,Door,since last night,2,1,Medium,In Progress,31-05-2026
C0491,"Hello, clothes ive dropped for washing four days back still havent been returned. Kindly send someone to check.",Public,B,Fourth,43,Laundry,since last Friday,5,1,Medium,In Progress,17-05-2026
C0492,"Respected Warden, the food served at dinner today tasted undercooked and a few of us felt uneasy after eating it. This is getting really frustrating.",Public,B,First,13,Mess,since last week,29,6,High,In Progress,19-05-2026
C0493,The same menu has been repeated for four days in a row now. Kindly send someone to check.,Public,C,Ground,10,Mess,since last week,40,31,Medium,In Progress,30-06-2026
C0494,"Excuse me, the laundry service keeps delaying pickups by almost a week now. Someone please check this.",Public,B,Third,38,Laundry,for the past few hours,2,1,Medium,Resolved,31-05-2026
C0495,"Good morning, someone parked a bike blocking the fire exit near the parking area. Not happy about this at all.",Public,B,Third,39,Parking,for almost 2 weeks,23,19,Medium,In Progress,18-02-2026
C0496,"To whoever is in charge, the light outside our room door has been dim for a while now, might need changing. Would appreciate a quick fix.",Public,A,Fourth,49,Light,since Monday,4,1,Low,In Progress,19-07-2026
C0497,"Madam, someone parked a bike blocking the fire exit near the parking area, since two days back. Thanks in advance.",Public,A,First,11,Parking,since last Friday,23,4,Medium,Pending,07-07-2026
C0498,"Madam, the washroom light on our floor stays off no matter how many times we flip the switch. Kindly resolve at the earliest.",Public,C,First,13,Light,since this afternoon,1,0,Medium,In Progress,01-06-2026
C0499,"Excuse me, the laundry service keeps delaying pickups by almost a week now.",Public,C,Ground,5,Laundry,for over a week,2,1,Medium,Pending,21-07-2026
C0500,"Hi, there was a complete power outage on our floor for almost the entire night. Someone please check this.",Public,B,Ground,7,Electricity,since last night,40,28,High,Pending,20-07-2026
C0501,"Dear Warden, one of the washroom doors doesnt latch shut properly, for the past 2 days. Thanks in advance.",Public,A,Second,30,Washroom,for 5 hours,13,4,Medium,Pending,07-07-2026
C0502,"Dear Warden, mattress has a musty smell that wont go away even after airing it out. Would help a lot if this got fixed.",Public,B,Second,27,Mattress,since this evening,1,0,Medium,Pending,28-07-2026
C0503,"Respected Warden, mess timing keeps changing without any notice and we end up missing meals. Thanks in advance.",Public,C,Ground,10,Mess,since two days back,38,26,Medium,Resolved,27-02-2026
C0504,"Hey, water keeps seeping in through the wall near the window during heavy rain, for more than 10 days. This is getting really frustrating.",Public,C,Ground,8,Leakage,for almost a week,2,1,High,Resolved,20-01-2026
C0505,"Sir, there is a rat moving around the store room near the common area at night. This is getting really frustrating.",Public,B,Ground,4,Pest Control,for 4 days now,43,17,High,In Progress,15-03-2026
C0506,"Sir, there was a complete power outage on our floor for almost the entire night. Kindly send someone to check.",Public,B,Second,27,Electricity,for 5 hours,30,25,High,Pending,30-07-2026
C0507,"Just wanted to mention, the chair in my room has a broken leg and wobbles every time i sit on it, since this morning. Please treat this as urgent.",Public,A,Fourth,43,Furniture,for 2 weeks now,2,1,Low,Resolved,20-05-2026
C0508,"Water from the bathroom drain backs up every time someone upstairs uses the washroom, since last Friday. Not happy about this at all.",Public,B,Third,36,Drainage,since this morning,34,29,High,Resolved,04-05-2026
C0509,"Respected Warden, main entrance door of our block has been stuck half open for two days, anyone could walk in at night. Would help a lot if this got fixed.",Public,B,Third,33,Door,since Monday,31,8,High,Pending,06-07-2026
C0510,"Respected Warden, the timing of water supply keeps shifting and nobody tells us in advance. Would appreciate a quick fix.",Public,B,Ground,3,Water Supply,since Monday,24,20,Medium,Pending,23-07-2026
C0511,"Respected Warden, shower in the common bathroom only gives cold water no matter how long you wait. Hope this gets resolved soon.",Public,C,Ground,3,Washroom,for the past 2 days,15,8,Medium,In Progress,17-06-2026
C0512,"Just wanted to mention, wifi speed in the corner rooms is always weaker than the rest of the floor. This is getting really frustrating.",Public,C,Ground,2,WiFi,for close to a fortnight,5,1,Low,In Progress,29-04-2026
C0513,"Good morning, construction work outside starts really early and disturbs everyone trying to study, for the past 2 days. Would appreciate a quick fix.",Public,B,Second,25,Noise,for 5 hours,25,16,Medium,In Progress,30-06-2026
C0514,"Quick complaint, the tube light in my room has been flickering non stop since two days. pls fix asap",Public,C,Fourth,41,Light,since Monday,2,1,Medium,Pending,10-06-2026
C0515,The drain outside our block has been blocked for two days and water is starting to overflow. Someone please check this.,Public,A,Fourth,48,Drainage,for almost a week,31,14,High,Pending,09-07-2026
C0516,"Hey, the pipe behind the washroom wall is leaking and the floor stays wet all the time, since last Friday. Would help a lot if this got fixed.",Public,A,Fourth,49,Leakage,since Thursday,7,4,High,In Progress,18-07-2026
C0517,"Dear Warden, some students have been playing loud music till 2 am every night this week. pls fix asap",Public,A,Ground,6,Noise,for almost 2 weeks,49,32,High,Pending,07-05-2026
C0518,"Good morning, water only comes for about an hour in the morning which is barely enough for everyone. Hope this gets resolved soon.",Public,B,Third,40,Water Supply,since the weekend,12,6,Medium,Resolved,10-05-2026
C0519,"To whoever is in charge, window pane in the common room cracked after the wind last night.",Public,C,Fourth,42,Window,since this afternoon,1,1,Medium,In Progress,10-06-2026
C0520,"Good morning, the staircase landing on our floor has not been mopped in over a week.",Public,A,Fourth,49,Cleanliness,since last week,19,11,Medium,Resolved,28-04-2026
C0521,Connection keeps dropping every few minutes making it hard to attend online classes.,Public,C,Second,28,WiFi,for almost a week,29,8,Medium,Pending,27-07-2026
C0522,"Sir, laundry bag i submitted got mixed up with someone elses this time, since this afternoon. pls fix asap",Public,A,Second,26,Laundry,since yesterday,1,0,Low,Resolved,27-01-2026
C0523,"To whoever is in charge, the bed frame in my room creaks loudly and one leg feels loose. Please treat this as urgent.",Public,C,Fourth,46,Furniture,for 2 weeks now,3,2,Medium,Resolved,21-03-2026
C0524,"Hey, flush in the washroom near the stairs has completely stopped working.",Public,C,Second,24,Washroom,for the past few hours,21,12,High,Resolved,01-04-2026
C0525,"Hello, construction work outside starts really early and disturbs everyone trying to study, for almost 2 weeks.",Public,A,Ground,5,Noise,for a month now,31,21,Medium,Pending,23-07-2026
C0526,The fan in our corridor stops working after running for barely ten minutes. Kindly send someone to check.,Public,B,Second,29,Fan,since 30 minutes,9,7,Medium,Pending,09-07-2026
C0527,"Dear Warden, roti served today was undercooked on one side. Would appreciate a quick fix.",Public,B,Ground,10,Mess,for almost a week,13,6,Low,Resolved,16-04-2026
C0528,A few seniors have been mocking me constantly in the common room and i dont feel comfortable going there anymore. Would help a lot if this got fixed.,Private,A,First,20,Security,since Tuesday,2,0,Medium,Rejected,01-04-2026
C0529,"Dear Warden, the same menu has been repeated for four days in a row now. This is getting really frustrating.",Public,A,Second,28,Mess,since Wednesday,15,6,Medium,In Progress,16-04-2026
C0530,"Excuse me, someone has been messaging me repeatedly even after i asked them to stop, its starting to make me uncomfortable. This is getting really frustrating.",Private,B,Third,40,Security,since this afternoon,1,1,Medium,Resolved,09-06-2026
C0531,"To whoever is in charge, construction work outside starts really early and disturbs everyone trying to study. Thanks in advance.",Public,A,Third,34,Noise,for over a week,20,9,Medium,Pending,11-07-2026
C0532,"Madam, one of the washroom doors doesnt latch shut properly. This is getting really frustrating.",Public,B,Third,33,Washroom,for 3-4 days now,16,5,Medium,Resolved,03-06-2026
C0533,"Hey, the food served at dinner today tasted undercooked and a few of us felt uneasy after eating it. This needs urgent attention.",Public,C,First,15,Mess,for a month now,44,22,High,Rejected,27-03-2026
C0534,"Quick complaint, the bed frame in my room creaks loudly and one leg feels loose, for the past 2 days. Someone please check this.",Public,B,Third,36,Furniture,since Wednesday,2,1,Medium,In Progress,08-03-2026
C0535,"Dear Warden, the main electrical panel for our floor is making a buzzing sound constantly. Kindly send someone to check.",Public,C,Fourth,46,Electricity,since this morning,50,35,High,Resolved,16-04-2026
C0536,"Good morning, the vegetables in todays lunch were not washed properly, could see mud on them. Hope this gets resolved soon.",Public,C,Second,24,Mess,since last night,32,11,Medium,Pending,08-07-2026
C0537,"Hi, one of my shirts came back from laundry with a tear that wasnt there before.",Public,B,First,14,Laundry,since this afternoon,1,0,Low,Pending,26-07-2026
C0538,"Sir, the switchboard cover in my room is cracked and the wiring is slightly exposed. This is getting really frustrating.",Public,C,Third,35,Electricity,since Tuesday,10,3,Medium,Resolved,11-06-2026
C0539,"Madam, the tube light in my room has been flickering non stop since two days. Please fix this soon.",Public,B,Fourth,43,Light,for close to a fortnight,1,1,Medium,Pending,28-07-2026
C0540,"Madam, there was loud shouting from the room next door well past midnight again.",Public,C,First,20,Noise,for a month now,23,18,High,Pending,25-07-2026
C0541,"To whoever is in charge, the washroom on our floor hasnt been cleaned properly in a while, for 2 weeks now. Would help a lot if this got fixed.",Public,C,Fourth,46,Washroom,since 2 hours,10,7,Medium,Pending,05-07-2026
C0542,"Excuse me, the vegetables in todays lunch were not washed properly, could see mud on them. Need this fixed soon.",Public,A,Third,37,Mess,since Monday,28,14,Medium,Resolved,12-05-2026
C0543,"The common washroom on our floor has had a foul smell for two days now, nobody wants to use it. Hope this gets resolved soon.",Public,B,First,15,Washroom,for the past 2 days,25,9,High,In Progress,30-06-2026
C0544,"Hey, the tube light in my room has been flickering non stop since two days. Someone please check this.",Public,A,Second,29,Light,since last Friday,3,2,Medium,In Progress,21-06-2026
C0545,The drain outside our block has been blocked for two days and water is starting to overflow. This is getting really frustrating.,Public,C,Second,30,Drainage,for the last few days,26,11,High,Pending,22-07-2026
C0546,"Quick complaint, window latch in my room is a bit stiff but still usable. Thanks in advance.",Public,C,Fourth,42,Window,since yesterday,2,1,Low,Pending,15-04-2026
C0547,"Excuse me, cycle stand near the block entrance is overcrowded, hardly any space left, since the weekend. pls fix asap",Public,A,Second,22,Parking,for 2 weeks now,20,6,Low,Pending,21-07-2026
C0548,"Hey, a few seniors have been mocking me constantly in the common room and i dont feel comfortable going there anymore.",Private,B,Second,25,Security,since this morning,1,0,Medium,In Progress,16-04-2026
C0549,"Just wanted to mention, there was no water at all on our floor for almost the whole morning. Please look into this.",Public,A,Fourth,42,Water Supply,for more than 10 days,35,6,High,Pending,29-07-2026
C0550,"Respected Warden, the water cooler on our floor makes a loud buzzing noise. Kindly send someone to check.",Public,C,Fourth,47,Water Cooler,since 30 minutes,5,3,Low,In Progress,28-06-2026
C0551,"Dear Warden, the fan in our corridor stops working after running for barely ten minutes. pls fix asap",Public,B,Fourth,41,Fan,for a month now,5,4,Medium,Pending,18-07-2026
C0552,"Hi, the mess only had one curry option today which felt less compared to usual. Not happy about this at all.",Public,C,Ground,4,Mess,for the past 3 days,6,1,Low,In Progress,17-05-2026
C0553,"Excuse me, the fan regulator knob in my room is a bit loose but the fan still works fine.",Public,A,Third,31,Fan,since this afternoon,1,1,Low,Pending,11-07-2026
C0554,Some students have been playing loud music till 2 am every night this week. Would help a lot if this got fixed.,Public,A,First,20,Noise,since Wednesday,30,17,High,In Progress,03-03-2026
C0555,"Sir, some students have been playing loud music till 2 am every night this week. Someone please check this.",Public,B,Ground,10,Noise,for 6 days,48,32,High,Resolved,05-06-2026
C0556,"Good morning, there was no water at all on our floor for almost the whole morning. Kindly send someone to check.",Public,A,Second,27,Water Supply,for the past 3 days,33,8,High,Pending,20-07-2026
C0557,"To whoever is in charge, construction work outside starts really early and disturbs everyone trying to study, for the last few days. pls fix asap",Public,B,Ground,7,Noise,for almost a week,33,18,Medium,Resolved,10-02-2026
C0558,"To whoever is in charge, the pipe behind the washroom wall is leaking and the floor stays wet all the time, since this morning. Would appreciate a quick fix.",Public,B,Fourth,41,Leakage,since noon,4,2,High,Pending,07-07-2026
C0559,"Hey, i think someone went through my drawer while i was out, a few things feel out of place. Need this fixed soon.",Private,B,First,11,Security,for the past 2 days,1,0,Medium,In Progress,04-03-2026
C0560,"Sir, the drain outside our block has been blocked for two days and water is starting to overflow. Thanks in advance.",Public,C,First,15,Drainage,for 5 hours,27,13,High,Pending,16-07-2026
C0561,The lift got stuck between the second and third floor with a few of us inside for almost fifteen minutes. This is getting really frustrating.,Public,B,Fourth,44,Lift,since Monday,4,1,Critical,Resolved,17-06-2026
C0562,"Hello, water supply has been irregular the entire week, some days it just doesnt come. pls fix asap",Public,B,First,17,Water Supply,for almost a week,38,28,High,Pending,26-07-2026
C0563,"Just wanted to mention, the light outside our room door has been dim for a while now, might need changing. This is getting really frustrating.",Public,C,Ground,6,Light,for more than 10 days,5,1,Low,Pending,22-07-2026
C0564,"To whoever is in charge, the mattress in my room has flattened out completely and isnt comfortable to sleep on anymore. Please look into this.",Public,C,Ground,1,Mattress,since this evening,1,0,Low,Pending,09-07-2026
C0565,"Respected Warden, the washroom light on our floor stays off no matter how many times we flip the switch.",Public,A,Fourth,48,Light,since this evening,3,1,Medium,Resolved,16-01-2026
C0566,"Dear Warden, shower in the common bathroom only gives cold water no matter how long you wait, since this evening. Someone please check this.",Public,A,Third,37,Washroom,since Monday,20,16,Medium,Resolved,03-06-2026
C0567,"Quick complaint, the light outside our room door has been dim for a while now, might need changing. Kindly send someone to check.",Public,B,First,17,Light,since Wednesday,10,5,Low,Rejected,13-03-2026
C0568,"Good morning, the washroom door in my room doesnt lock properly, since this morning.",Public,A,First,18,Door,for more than 10 days,1,1,Medium,In Progress,09-07-2026
C0569,"Madam, my laptop was stolen from my room while i had stepped out for dinner. Would help a lot if this got fixed.",Private,A,Ground,4,Security,for the past few hours,1,0,High,In Progress,19-06-2026
C0570,Cobwebs have built up in the corner of the corridor and nobody seems to have noticed. This needs urgent attention.,Public,C,Third,37,Cleanliness,since last week,5,2,Low,Pending,17-07-2026
C0571,"Sir, lift doors dont close properly and it still starts moving, feels really unsafe. pls fix asap",Public,B,Third,39,Lift,since last night,52,10,High,Pending,14-05-2026
C0572,"Quick complaint, cctv camera near the back gate hasnt been working for over a week. This needs urgent attention.",Public,C,Third,38,Security,since last week,61,19,High,Pending,10-07-2026
C0573,Garbage from the bins near the entrance hasnt been cleared in three days. Someone please check this.,Public,C,First,12,Cleanliness,since 2 hours,12,4,Medium,Pending,09-07-2026
C0574,Roti served today was undercooked on one side. Please look into this.,Public,A,Fourth,48,Mess,for 2 weeks now,10,7,Low,Resolved,11-03-2026
C0575,"Dust has settled thick on the window sills in the common area, since this morning.",Public,C,Ground,10,Cleanliness,since this morning,7,5,Low,Resolved,24-04-2026
C0576,"Excuse me, clothes ive dropped for washing four days back still havent been returned. Would help a lot if this got fixed.",Public,C,Third,33,Laundry,for over a week,2,1,Medium,Resolved,05-02-2026
C0577,"Hey, the dustbin in the common area has gone missing since last week. Please look into this.",Public,B,First,14,Furniture,since this evening,2,1,Low,Resolved,22-02-2026
C0578,"To whoever is in charge, there are quite a few mosquitoes near the washroom area every evening. Kindly send someone to check.",Public,B,Second,27,Pest Control,since noon,18,15,Medium,Resolved,13-04-2026
C0579,"Sir, the common washroom on our floor has had a foul smell for two days now, nobody wants to use it. This needs urgent attention.",Public,B,Third,38,Washroom,since 30 minutes,22,8,High,Resolved,24-05-2026
C0580,"Excuse me, cockroaches have taken over the kitchen area of the mess, its becoming unhygienic. Please fix this soon.",Public,B,Ground,8,Pest Control,for the last few days,38,17,High,Resolved,20-06-2026
C0581,Connection keeps dropping every few minutes making it hard to attend online classes. Someone please check this.,Public,B,First,13,WiFi,since Tuesday,28,20,Medium,Resolved,31-05-2026
C0582,"Dear Warden, roti served today was undercooked on one side.",Public,A,Fourth,49,Mess,since last week,14,8,Low,Resolved,12-06-2026
C0583,"Excuse me, the same menu has been repeated for four days in a row now.",Public,C,Fourth,47,Mess,for 4 days now,39,15,Medium,In Progress,27-05-2026
C0584,"Hey, the tube light in my room has been flickering non stop since two days. Would appreciate a quick fix.",Public,B,Second,30,Light,since Wednesday,3,2,Medium,Pending,08-07-2026
C0585,"The wifi on our floor becomes almost unusable every evening after 8, since last Friday. pls fix asap",Public,C,Second,24,WiFi,for 2 weeks now,31,15,Medium,Pending,27-07-2026
C0586,"There was a small insect found in todays sabzi, several of us noticed it. Kindly resolve at the earliest.",Public,A,Fourth,42,Mess,since the weekend,46,33,High,In Progress,08-04-2026
C0587,"Dear Warden, dust has settled thick on the window sills in the common area, for close to a fortnight. Please treat this as urgent.",Public,A,Fourth,43,Cleanliness,for the past few hours,6,4,Low,Pending,24-07-2026
C0588,"Sir, the fan in our corridor stops working after running for barely ten minutes.",Public,A,First,15,Fan,for almost a week,6,3,Medium,In Progress,30-06-2026
C0589,"Hello, fan in the common reading room makes a loud grinding noise whenever its switched on. This is getting really frustrating.",Public,C,First,17,Fan,since last night,14,6,Medium,Resolved,14-03-2026
C0590,"Madam, ceiling fan in my room has slowed down to almost half speed even on the highest setting, since last week. Please look into this.",Public,B,Ground,5,Fan,since last night,1,0,High,In Progress,07-07-2026
C0591,"Sir, our room has been without a working socket near the desk for a few days. Please fix this soon.",Public,C,Third,33,Electricity,since last night,13,3,Medium,Resolved,13-03-2026
C0592,"Water coming out of the tap looks slightly cloudy and has a strange smell, since Monday. This is getting really frustrating.",Public,B,Second,29,Water Supply,for 6 days,25,11,Medium,Pending,19-07-2026
C0593,"Quick complaint, the fan in my room stopped working two days back and with this heat its become really hard to sleep. Thanks in advance.",Public,A,Ground,4,Fan,for 6 days,3,1,High,Pending,29-07-2026
C0594,"Excuse me, cobwebs have built up in the corner of the corridor and nobody seems to have noticed. Kindly resolve at the earliest.",Public,C,Fourth,46,Cleanliness,since noon,9,7,Low,Resolved,04-06-2026
C0595,"Just wanted to mention, water cooler on our floor has stopped giving cold water since two days. Thanks in advance.",Public,B,Fourth,41,Water Cooler,since this afternoon,29,10,Medium,In Progress,30-05-2026
C0596,"Quick complaint, i think someone went through my drawer while i was out, a few things feel out of place. Would appreciate a quick fix.",Private,C,Third,33,Security,since last night,1,0,Medium,In Progress,19-06-2026
C0597,"Just wanted to mention, dust has settled thick on the window sills in the common area. Someone please check this.",Public,C,Fourth,49,Cleanliness,since Thursday,10,7,Low,Resolved,27-05-2026
C0598,"To whoever is in charge, water coming out of the tap looks slightly cloudy and has a strange smell. pls fix asap",Public,C,First,16,Water Supply,for more than 10 days,17,12,Medium,In Progress,18-06-2026
C0599,Connection keeps dropping every few minutes making it hard to attend online classes. Please look into this.,Public,C,Second,25,WiFi,for almost 2 weeks,26,12,Medium,Pending,29-07-2026
C0600,"Good morning, laundry bag i submitted got mixed up with someone elses this time, for almost 2 weeks. Would appreciate a quick fix.",Public,B,Second,24,Laundry,for almost a week,2,1,Low,Pending,14-07-2026
C0601,"Excuse me, cobwebs have built up in the corner of the corridor and nobody seems to have noticed, for the last few days. This is getting really frustrating.",Public,A,Third,31,Cleanliness,since Thursday,5,1,Low,In Progress,30-05-2026
C0602,"Hey, construction work outside starts really early and disturbs everyone trying to study, for close to a fortnight.",Public,C,Fourth,43,Noise,for more than 10 days,40,14,Medium,In Progress,12-02-2026
C0603,"Respected Warden, mess timing keeps changing without any notice and we end up missing meals, since yesterday. Please fix this soon.",Public,B,First,14,Mess,since this morning,28,17,Medium,In Progress,15-07-2026
C0604,"Dear Warden, the switchboard cover in my room is cracked and the wiring is slightly exposed, since this evening. Not happy about this at all.",Public,B,First,12,Electricity,since 2 hours,11,7,Medium,Pending,07-07-2026
C0605,"Respected Warden, someone has been messaging me repeatedly even after i asked them to stop, its starting to make me uncomfortable, for the past few hours. Would appreciate a quick fix.",Private,A,Second,23,Security,for 2 weeks now,1,0,Medium,Pending,10-07-2026
C0606,"Good morning, mess timing keeps changing without any notice and we end up missing meals, since Thursday. pls fix asap",Public,A,Third,34,Mess,for 3-4 days now,17,13,Medium,Resolved,18-04-2026
C0607,"Respected Warden, the vegetables in todays lunch were not washed properly, could see mud on them. pls fix asap",Public,C,First,12,Mess,for close to a fortnight,22,12,Medium,Pending,29-07-2026
C0608,"Hi, main door of our block doesnt close properly at night which feels unsafe. Would help a lot if this got fixed.",Public,A,Second,27,Door,for 6 days,2,1,Medium,In Progress,03-03-2026
C0609,"Hey, the mess only had one curry option today which felt less compared to usual. Please look into this.",Public,B,Fourth,41,Mess,for over a week,10,8,Low,Resolved,06-06-2026
C0610,The same menu has been repeated for four days in a row now. This is getting really frustrating.,Public,B,Fourth,42,Mess,for close to a fortnight,15,8,Medium,Resolved,22-01-2026
C0611,"Good morning, someone took cash from my drawer while i was away for the weekend. Would help a lot if this got fixed.",Private,B,Second,27,Security,since Wednesday,1,0,High,Pending,07-07-2026
C0612,"Quick complaint, water only comes for about an hour in the morning which is barely enough for everyone. pls fix asap",Public,B,First,20,Water Supply,since yesterday,12,4,Medium,Pending,01-05-2026
C0613,"The light outside our room door has been dim for a while now, might need changing. Not happy about this at all.",Public,B,Third,35,Light,for 6 days,5,1,Low,In Progress,21-02-2026
C0614,There are quite a few mosquitoes near the washroom area every evening. Would appreciate a quick fix.,Public,C,Fourth,42,Pest Control,since this morning,20,16,Medium,Pending,21-07-2026
C0615,"Hey, the chair in my room has a broken leg and wobbles every time i sit on it, for 5 hours. Not happy about this at all.",Public,A,Second,30,Furniture,since last week,1,0,Low,Resolved,29-03-2026
C0616,"Just wanted to mention, clothes ive dropped for washing four days back still havent been returned. Would help a lot if this got fixed.",Public,B,Ground,1,Laundry,since Thursday,2,0,Medium,Pending,23-04-2026
C0617,"Dear Warden, the mattress in my room has flattened out completely and isnt comfortable to sleep on anymore, for the past 3 days. Please treat this as urgent.",Public,A,Second,26,Mattress,for the past few hours,1,1,Low,Pending,26-07-2026
C0618,"Quick complaint, water only comes for about an hour in the morning which is barely enough for everyone. Would help a lot if this got fixed.",Public,B,Fourth,42,Water Supply,for a month now,24,18,Medium,In Progress,26-05-2026
C0619,"Hi, internet in the study hall completely stopped working since yesterday afternoon. Someone please check this.",Public,A,Third,40,Internet,since this afternoon,12,6,Medium,Pending,29-07-2026
C0620,"Fan in the common reading room makes a loud grinding noise whenever its switched on, since Thursday.",Public,A,First,16,Fan,since this afternoon,15,11,Medium,In Progress,01-02-2026
C0621,Window pane in the common room cracked after the wind last night. Need this fixed soon.,Public,B,Fourth,47,Window,for the past 2 days,2,2,Medium,Rejected,20-02-2026
C0622,"Madam, the chair in my room has a broken leg and wobbles every time i sit on it. Thanks in advance.",Public,B,Second,26,Furniture,for more than 10 days,2,2,Low,Resolved,01-02-2026
C0623,"Excuse me, cycle stand near the block entrance is overcrowded, hardly any space left.",Public,A,Ground,5,Parking,for almost a week,14,10,Low,In Progress,25-06-2026
C0624,The ethernet port in my room hasnt been working for the past few days. Need this fixed soon.,Public,A,Third,40,Internet,since 30 minutes,8,2,Medium,Resolved,08-03-2026
C0625,"Hey, the washroom on our floor hasnt been cleaned properly in a while, for 2 weeks now. Someone please check this.",Public,C,Ground,3,Washroom,since noon,20,13,Medium,In Progress,20-05-2026
C0626,"Someone parked a bike blocking the fire exit near the parking area, for the past 2 days. Please look into this.",Public,B,First,19,Parking,for close to a fortnight,11,7,Medium,Resolved,02-05-2026
C0627,"Dear Warden, connection keeps dropping every few minutes making it hard to attend online classes. Thanks in advance.",Public,B,Second,23,WiFi,since noon,18,3,Medium,In Progress,17-02-2026
C0628,"Good morning, cycle stand near the block entrance is overcrowded, hardly any space left. Please look into this.",Public,B,Fourth,42,Parking,since this morning,10,8,Low,Resolved,09-05-2026
C0629,Found bed bugs in my mattress and they have started biting at night.,Public,A,Second,23,Pest Control,for over a week,52,38,High,Pending,26-07-2026
C0630,"Madam, the fan in my room stopped working two days back and with this heat its become really hard to sleep. Please fix this soon.",Public,C,First,13,Fan,for over a week,1,1,High,Pending,20-07-2026
C0631,The lift got stuck between the second and third floor with a few of us inside for almost fifteen minutes. Please look into this.,Public,A,Second,27,Lift,for 3-4 days now,3,2,Critical,In Progress,17-05-2026
C0632,"Hey, someone took cash from my drawer while i was away for the weekend. This is getting really frustrating.",Private,C,Fourth,49,Security,since this evening,1,0,High,Resolved,12-02-2026
C0633,"Lift doors dont close properly and it still starts moving, feels really unsafe, for 5 hours. This is getting really frustrating.",Public,A,Third,34,Lift,since this afternoon,40,9,High,In Progress,22-05-2026
C0634,"Excuse me, water cooler on our floor has stopped giving cold water since two days. Kindly send someone to check.",Public,B,Fourth,43,Water Cooler,since Thursday,20,6,Medium,Resolved,23-05-2026
C0635,"Just wanted to mention, the staircase landing on our floor has not been mopped in over a week. Would appreciate a quick fix.",Public,A,Second,23,Cleanliness,since Wednesday,16,12,Medium,In Progress,11-04-2026
C0636,The fan in my room stopped working two days back and with this heat its become really hard to sleep.,Public,C,Third,31,Fan,for almost a week,4,1,High,In Progress,31-05-2026
C0637,The laundry service keeps delaying pickups by almost a week now.,Public,C,Third,33,Laundry,for the past 2 days,1,1,Medium,In Progress,20-03-2026
C0638,"Excuse me, there are quite a few mosquitoes near the washroom area every evening, for almost a week. Kindly resolve at the earliest.",Public,C,Ground,3,Pest Control,for almost a week,19,15,Medium,In Progress,25-04-2026
C0639,"Hi, ceiling fan in my room has slowed down to almost half speed even on the highest setting, for 3-4 days now. Please fix this soon.",Public,B,Third,33,Fan,for 3-4 days now,2,1,High,Rejected,10-06-2026
C0640,Construction work outside starts really early and disturbs everyone trying to study. This needs urgent attention.,Public,C,Third,40,Noise,since last Friday,23,19,Medium,Resolved,16-05-2026
C0641,"Good morning, the water cooler on our floor makes a loud buzzing noise. Please look into this.",Public,A,Third,36,Water Cooler,for 4 days now,8,1,Low,Resolved,23-05-2026
C0642,My laptop was stolen from my room while i had stepped out for dinner. Kindly send someone to check.,Private,B,Third,33,Security,since two days back,1,0,High,Pending,08-07-2026
C0643,"Good morning, there is a constant leak near the washroom entrance and the floor is always slippery. Thanks in advance.",Public,A,Second,21,Washroom,since the weekend,24,4,High,Resolved,27-02-2026
C0644,"Just wanted to mention, the lift has been making a grinding noise and stopping abruptly between floors. Please look into this.",Public,A,Fourth,46,Lift,for close to a fortnight,68,57,High,In Progress,28-03-2026
C0645,Window pane in the common room cracked after the wind last night.,Public,A,First,14,Window,since last week,2,1,Medium,In Progress,06-03-2026
C0646,Paint on the study table in my room is peeling off badly.,Public,B,Fourth,43,Furniture,for more than 10 days,1,0,Low,Pending,26-07-2026
C0647,The drain outside our block has been blocked for two days and water is starting to overflow.,Public,B,Ground,5,Drainage,for 6 days,17,8,High,Resolved,31-05-2026
C0648,"Lift doors dont close properly and it still starts moving, feels really unsafe, since the weekend. Kindly send someone to check.",Public,B,Second,23,Lift,for 4 days now,58,11,High,Pending,31-07-2026
C0649,"Quick complaint, cobwebs have built up in the corner of the corridor and nobody seems to have noticed. Kindly resolve at the earliest.",Public,B,Fourth,47,Cleanliness,for over a week,9,3,Low,Resolved,22-03-2026
C0650,"Excuse me, the mattress in my room has flattened out completely and isnt comfortable to sleep on anymore, for 6 days. Thanks in advance.",Public,A,Second,21,Mattress,since noon,1,0,Low,In Progress,05-06-2026
C0651,"I think someone went through my drawer while i was out, a few things feel out of place. Please treat this as urgent.",Private,B,Second,23,Security,for 3-4 days now,2,0,Medium,In Progress,12-02-2026
C0652,"To whoever is in charge, dust has settled thick on the window sills in the common area, for 5 hours. Hope this gets resolved soon.",Public,B,Fourth,50,Cleanliness,since Tuesday,9,5,Low,Pending,09-07-2026
C0653,"Madam, the common room hasnt been swept in days, dust has piled up everywhere. Kindly resolve at the earliest.",Public,A,Third,35,Cleanliness,since last night,21,16,Medium,Resolved,06-06-2026
C0654,"Hello, the common washroom on our floor has had a foul smell for two days now, nobody wants to use it. Kindly send someone to check.",Public,B,Third,37,Washroom,since 2 hours,16,7,High,In Progress,21-05-2026
C0655,"Madam, flush in the washroom near the stairs has completely stopped working, since this evening. Would appreciate a quick fix.",Public,A,Fourth,45,Washroom,since Monday,23,17,High,In Progress,13-06-2026
C0656,"Quick complaint, the bed frame in my room creaks loudly and one leg feels loose. This needs urgent attention.",Public,A,Third,32,Furniture,since this afternoon,1,0,Medium,In Progress,16-07-2026
C0657,"To whoever is in charge, shower in the common bathroom only gives cold water no matter how long you wait.",Public,B,Ground,9,Washroom,since the weekend,14,3,Medium,In Progress,04-02-2026
C0658,"To whoever is in charge, fan in the common reading room makes a loud grinding noise whenever its switched on, for the past 3 days.",Public,C,Ground,6,Fan,since last week,8,3,Medium,In Progress,30-05-2026
C0659,"Hey, there was no water at all on our floor for almost the whole morning. Not happy about this at all.",Public,A,Fourth,48,Water Supply,since 2 hours,38,20,High,Pending,04-05-2026
C0660,"Hello, someone parked a bike blocking the fire exit near the parking area, for 3-4 days now.",Public,C,Fourth,44,Parking,for 5 hours,17,10,Medium,In Progress,06-07-2026
C0661,"Hey, water pressure has dropped so low that filling even one bucket takes forever, for more than 10 days. pls fix asap",Public,A,Fourth,44,Water Supply,for 4 days now,28,16,High,Rejected,28-06-2026
C0662,"To whoever is in charge, connection keeps dropping every few minutes making it hard to attend online classes. Would appreciate a quick fix.",Public,B,First,18,WiFi,since this evening,24,15,Medium,In Progress,28-05-2026
C0663,"To whoever is in charge, one of the washroom doors doesnt latch shut properly. Would appreciate a quick fix.",Public,C,Third,35,Washroom,for almost a week,18,4,Medium,Resolved,10-06-2026
C0664,"Good morning, there was loud shouting from the room next door well past midnight again. Someone please check this.",Public,C,Ground,4,Noise,since last week,48,9,High,In Progress,24-03-2026
C0665,"Just wanted to mention, the food served at dinner today tasted undercooked and a few of us felt uneasy after eating it.",Public,C,Second,25,Mess,for the past 2 days,33,26,High,Pending,23-07-2026
C0666,"Respected Warden, water cooler on our floor has stopped giving cold water since two days. Thanks in advance.",Public,C,Second,28,Water Cooler,since the weekend,26,13,Medium,In Progress,13-04-2026
C0667,The bed frame in my room creaks loudly and one leg feels loose. Hope this gets resolved soon.,Public,A,Third,33,Furniture,since 2 hours,3,2,Medium,In Progress,12-06-2026
C0668,"Quick complaint, there was loud shouting from the room next door well past midnight again. This needs urgent attention.",Public,A,First,15,Noise,since Tuesday,34,25,High,Pending,14-06-2026
C0669,"Hey, there are quite a few mosquitoes near the washroom area every evening, for 5 hours. Need this fixed soon.",Public,A,Third,39,Pest Control,for almost a week,12,5,Medium,In Progress,09-06-2026
C0670,"Madam, wifi speed has dropped drastically since the new semester started. Not happy about this at all.",Public,B,First,13,WiFi,since yesterday,17,8,Medium,Pending,25-07-2026
C0671,"Hi, the entire hostel has been without water for over a day now, students are struggling even to drink or wash up. Please fix this soon.",Public,B,Third,38,Water Supply,for close to a fortnight,81,19,Critical,Pending,18-07-2026
C0672,"The common washroom on our floor has had a foul smell for two days now, nobody wants to use it. Need this fixed soon.",Public,B,First,11,Washroom,for more than 10 days,25,17,High,Pending,05-07-2026
C0673,"Just wanted to mention, one of my shirts came back from laundry with a tear that wasnt there before, since Wednesday. Would appreciate a quick fix.",Public,A,Second,30,Laundry,for 2 weeks now,2,1,Low,In Progress,21-06-2026
C0674,"Sir, the laundry service keeps delaying pickups by almost a week now. pls fix asap",Public,C,Fourth,48,Laundry,since this evening,3,2,Medium,Resolved,26-05-2026
C0675,"Hi, the tube light in my room has been flickering non stop since two days.",Public,C,Second,22,Light,since this afternoon,2,1,Medium,In Progress,16-06-2026
C0676,"Excuse me, the washroom on our floor hasnt been cleaned properly in a while, since last week.",Public,A,Fourth,41,Washroom,for 6 days,19,4,Medium,Pending,13-07-2026
C0677,"Just wanted to mention, the door handle in my room feels loose and might fall off soon, since Wednesday.",Public,A,Ground,9,Door,for 5 hours,2,1,Low,In Progress,28-05-2026
C0678,"Hello, clothes ive dropped for washing four days back still havent been returned. Kindly resolve at the earliest.",Public,A,Ground,4,Laundry,since last Friday,5,1,Medium,Resolved,09-02-2026
C0679,"Hey, the laundry service keeps delaying pickups by almost a week now. Need this fixed soon.",Public,A,Fourth,46,Laundry,since last week,2,0,Medium,In Progress,15-04-2026
C0680,"Quick complaint, the common washroom on our floor has had a foul smell for two days now, nobody wants to use it. Would help a lot if this got fixed.",Public,B,Third,32,Washroom,for 2 weeks now,23,14,High,Pending,04-05-2026
C0681,"To whoever is in charge, water only comes for about an hour in the morning which is barely enough for everyone.",Public,B,First,16,Water Supply,since this evening,23,15,Medium,Resolved,03-05-2026
C0682,"Respected Warden, construction work outside starts really early and disturbs everyone trying to study, for the past few hours. Would appreciate a quick fix.",Public,A,Third,32,Noise,for 4 days now,31,22,Medium,Resolved,14-03-2026
C0683,"Quick complaint, someone parked a bike blocking the fire exit near the parking area. Please treat this as urgent.",Public,C,Ground,3,Parking,for the last few days,11,9,Medium,In Progress,15-07-2026
C0684,Garbage from the bins near the entrance hasnt been cleared in three days. Kindly send someone to check.,Public,C,First,11,Cleanliness,since yesterday,14,7,Medium,Pending,27-05-2026
C0685,"Respected Warden, the timing of water supply keeps shifting and nobody tells us in advance.",Public,B,Second,30,Water Supply,for the past 2 days,17,14,Medium,In Progress,20-07-2026
C0686,"Sir, the door handle in my room feels loose and might fall off soon, for 6 days. Thanks in advance.",Public,B,Third,37,Door,since this evening,1,1,Low,Pending,07-04-2026
C0687,"Dear Warden, there is a water leakage from the ceiling in my room every time it rains, for almost 2 weeks. This is getting really frustrating.",Public,A,Ground,8,Leakage,for 5 hours,4,1,High,Rejected,27-01-2026
C0688,"Sir, the washroom light on our floor stays off no matter how many times we flip the switch, since this morning. Thanks in advance.",Public,B,Fourth,48,Light,since 2 hours,1,1,Medium,Pending,20-07-2026
C0689,"Sir, the window in my room doesnt close properly and lets in rain during storms. Please treat this as urgent.",Public,C,Ground,2,Window,since noon,3,2,Medium,Pending,11-06-2026
C0690,"Respected Warden, window pane in the common room cracked after the wind last night. Would appreciate a quick fix.",Public,A,Ground,4,Window,for the past 2 days,2,1,Medium,In Progress,30-06-2026
C0691,"Quick complaint, the ethernet port in my room hasnt been working for the past few days. Thanks in advance.",Public,C,First,15,Internet,since two days back,16,10,Medium,Resolved,01-02-2026
C0692,The laundry service keeps delaying pickups by almost a week now. Hope this gets resolved soon.,Public,C,First,12,Laundry,since 30 minutes,4,1,Medium,In Progress,27-06-2026
C0693,"Madam, the security guard at the main gate was missing for almost the entire night. Kindly resolve at the earliest.",Public,A,Fourth,48,Security,since 2 hours,67,55,High,Resolved,23-03-2026
C0694,"To whoever is in charge, water coming out of the tap looks slightly cloudy and has a strange smell, since Thursday. This is getting really frustrating.",Public,B,Fourth,43,Water Supply,since last night,15,10,Medium,Resolved,01-04-2026
C0695,"Sir, the lift got stuck between the second and third floor with a few of us inside for almost fifteen minutes. Thanks in advance.",Public,B,Second,26,Lift,for the past few hours,4,2,Critical,Resolved,14-04-2026
C0696,"To whoever is in charge, laundry bag i submitted got mixed up with someone elses this time. This needs urgent attention.",Public,B,Second,24,Laundry,for the past 2 days,1,0,Low,In Progress,31-05-2026
C0697,"Dear Warden, the window in my room doesnt close properly and lets in rain during storms, for the past 2 days. This needs urgent attention.",Public,C,First,18,Window,for the past few hours,3,2,Medium,In Progress,20-06-2026
C0698,"Dear Warden, construction work outside starts really early and disturbs everyone trying to study, since this evening. Kindly resolve at the earliest.",Public,C,Ground,1,Noise,for 4 days now,26,9,Medium,In Progress,29-04-2026
C0699,"Just wanted to mention, the switchboard cover in my room is cracked and the wiring is slightly exposed. Someone please check this.",Public,C,Ground,8,Electricity,since 2 hours,6,3,Medium,In Progress,12-06-2026
C0700,"Hi, the pipe behind the washroom wall is leaking and the floor stays wet all the time. Would help a lot if this got fixed.",Public,A,Third,31,Leakage,for close to a fortnight,5,2,High,Rejected,05-04-2026
C0701,"Just wanted to mention, cobwebs have built up in the corner of the corridor and nobody seems to have noticed. Hope this gets resolved soon.",Public,A,Third,38,Cleanliness,since this afternoon,6,5,Low,In Progress,09-06-2026
C0702,"Hello, clothes ive dropped for washing four days back still havent been returned. Not happy about this at all.",Public,B,Fourth,42,Laundry,for over a week,2,2,Medium,In Progress,20-05-2026
C0703,The dustbin in the common area has gone missing since last week. Please fix this soon.,Public,B,Fourth,41,Furniture,since last night,2,1,Low,In Progress,25-06-2026
C0704,"Excuse me, the timing of water supply keeps shifting and nobody tells us in advance. Someone please check this.",Public,B,Second,22,Water Supply,since this morning,20,10,Medium,Rejected,28-05-2026
C0705,"Sir, my laptop was stolen from my room while i had stepped out for dinner. Kindly send someone to check.",Private,C,First,14,Security,for 5 hours,1,0,High,Resolved,09-06-2026
C0706,"To whoever is in charge, there is a constant leak near the washroom entrance and the floor is always slippery.",Public,A,Third,38,Washroom,since last week,22,17,High,Pending,06-07-2026
C0707,"Madam, lift doors dont close properly and it still starts moving, feels really unsafe, for 3-4 days now. Kindly resolve at the earliest.",Public,A,Third,31,Lift,for 6 days,63,46,High,Pending,28-05-2026
C0708,"Respected Warden, the tank supplying our floor seems to have run dry, taps are just making noise with no water coming out. Would help a lot if this got fixed.",Public,B,Ground,9,Water Supply,since noon,37,6,High,Resolved,19-06-2026
C0709,"To whoever is in charge, there was loud shouting from the room next door well past midnight again. Kindly resolve at the earliest.",Public,C,Second,27,Noise,for 2 weeks now,40,29,High,Resolved,02-05-2026
C0710,Clothes ive dropped for washing four days back still havent been returned. Please look into this.,Public,C,Ground,5,Laundry,for 3-4 days now,5,1,Medium,In Progress,25-03-2026
C0711,"Sir, wifi speed in the corner rooms is always weaker than the rest of the floor. This needs urgent attention.",Public,B,Second,22,WiFi,for the past 2 days,6,1,Low,In Progress,20-05-2026
C0712,"Madam, construction work outside starts really early and disturbs everyone trying to study, since 30 minutes. Would help a lot if this got fixed.",Public,C,Third,40,Noise,for 6 days,22,8,Medium,In Progress,18-05-2026
C0713,The fan in my room stopped working two days back and with this heat its become really hard to sleep. Kindly send someone to check.,Public,B,Fourth,49,Fan,for almost 2 weeks,3,2,High,Resolved,20-06-2026
C0714,The laundry service keeps delaying pickups by almost a week now. pls fix asap,Public,C,Ground,10,Laundry,since 2 hours,5,2,Medium,Pending,11-07-2026
C0715,"Hi, laundry bag i submitted got mixed up with someone elses this time. Please treat this as urgent.",Public,C,Second,23,Laundry,since last week,1,0,Low,In Progress,07-06-2026
C0716,"To whoever is in charge, someone has been messaging me repeatedly even after i asked them to stop, its starting to make me uncomfortable, for more than 10 days. Not happy about this at all.",Private,B,First,12,Security,since last Friday,2,0,Medium,In Progress,26-06-2026
C0717,"The switchboard cover in my room is cracked and the wiring is slightly exposed, since last night. Someone please check this.",Public,A,First,18,Electricity,since Tuesday,12,5,Medium,In Progress,03-06-2026
C0718,"Sir, garbage from the bins near the entrance hasnt been cleared in three days. Please fix this soon.",Public,C,First,14,Cleanliness,for the past few hours,23,8,Medium,Pending,15-07-2026
C0719,"Respected Warden, flush in the washroom near the stairs has completely stopped working. Someone please check this.",Public,A,Ground,10,Washroom,for 4 days now,17,13,High,In Progress,09-06-2026
C0720,"Just wanted to mention, one of my shirts came back from laundry with a tear that wasnt there before, for the past few hours. Please look into this.",Public,B,Second,21,Laundry,for a month now,2,1,Low,Resolved,17-02-2026
C0721,"Good morning, lift doors dont close properly and it still starts moving, feels really unsafe, since last Friday. pls fix asap",Public,A,Fourth,50,Lift,for 5 hours,48,12,High,Pending,16-07-2026
C0722,"To whoever is in charge, the tank supplying our floor seems to have run dry, taps are just making noise with no water coming out, since this afternoon. Please fix this soon.",Public,B,Second,23,Water Supply,since 2 hours,38,31,High,In Progress,06-05-2026
C0723,"Flush in the washroom near the stairs has completely stopped working, since this afternoon. Thanks in advance.",Public,B,Ground,6,Washroom,for 3-4 days now,22,4,High,Resolved,24-05-2026
C0724,"Madam, flush in the washroom near the stairs has completely stopped working.",Public,A,First,19,Washroom,for 3-4 days now,23,17,High,Resolved,06-02-2026
C0725,"Excuse me, window pane in the common room cracked after the wind last night. Please look into this.",Public,B,First,14,Window,for the past few hours,3,1,Medium,In Progress,15-07-2026
C0726,"Madam, there is standing dirty water near the back entrance because the drain wont clear, for 2 weeks now. pls fix asap",Public,B,Ground,5,Drainage,since last week,21,5,High,Resolved,08-05-2026
C0727,"Just wanted to mention, the washroom light on our floor stays off no matter how many times we flip the switch. Kindly resolve at the earliest.",Public,C,Second,30,Light,since Tuesday,1,1,Medium,Pending,09-07-2026
C0728,"Good morning, the common room hasnt been swept in days, dust has piled up everywhere. Would help a lot if this got fixed.",Public,C,Fourth,43,Cleanliness,since last night,11,3,Medium,In Progress,05-07-2026
C0729,"Madam, mattress has a musty smell that wont go away even after airing it out, for close to a fortnight. Someone please check this.",Public,A,Second,28,Mattress,since last night,1,0,Medium,In Progress,07-06-2026
C0730,Window pane in the common room cracked after the wind last night. This needs urgent attention.,Public,C,Second,30,Window,for 5 hours,1,0,Medium,Pending,11-07-2026
C0731,"To whoever is in charge, there was loud shouting from the room next door well past midnight again. pls fix asap",Public,C,Ground,8,Noise,since this afternoon,48,28,High,Resolved,02-06-2026
C0732,"Good morning, there was a complete power outage on our floor for almost the entire night. pls fix asap",Public,B,Third,31,Electricity,since last Friday,48,39,High,In Progress,07-07-2026
C0733,"Hi, there was loud shouting from the room next door well past midnight again. This is getting really frustrating.",Public,A,Third,36,Noise,since 30 minutes,38,27,High,In Progress,15-04-2026
C0734,"Hey, connection keeps dropping every few minutes making it hard to attend online classes. Thanks in advance.",Public,A,Fourth,45,WiFi,since 2 hours,34,26,Medium,Pending,27-07-2026
C0735,"Dear Warden, my laptop was stolen from my room while i had stepped out for dinner.",Private,A,Third,36,Security,for 4 days now,1,0,High,Resolved,17-05-2026
C0736,"Excuse me, construction work outside starts really early and disturbs everyone trying to study, since last night. Would appreciate a quick fix.",Public,A,Third,34,Noise,for a month now,33,18,Medium,Pending,22-07-2026
C0737,"Excuse me, flush in the washroom near the stairs has completely stopped working. Would appreciate a quick fix.",Public,C,Third,32,Washroom,for 5 hours,22,10,High,In Progress,11-06-2026
C0738,"Quick complaint, roti served today was undercooked on one side.",Public,B,Second,21,Mess,since this morning,6,4,Low,Pending,07-07-2026
C0739,The dustbin in the common area has gone missing since last week.,Public,C,Second,27,Furniture,for more than 10 days,2,1,Low,Pending,23-04-2026
C0740,"Hi, the common washroom on our floor has had a foul smell for two days now, nobody wants to use it. Would help a lot if this got fixed.",Public,C,First,20,Washroom,since the weekend,22,13,High,In Progress,15-05-2026
C0741,"Quick complaint, there was a burning smell followed by visible sparks from the wall socket near my bed. Kindly send someone to check.",Public,B,Second,24,Electricity,since Wednesday,5,1,Critical,In Progress,12-04-2026
C0742,"Respected Warden, the laundry service keeps delaying pickups by almost a week now. Hope this gets resolved soon.",Public,C,Third,34,Laundry,for 5 hours,4,3,Medium,Pending,18-07-2026
C0743,"Dear Warden, power has been cutting on and off every hour on our floor since yesterday. Someone please check this.",Public,A,Fourth,49,Electricity,for the past 2 days,50,17,High,Pending,13-07-2026
C0744,"Excuse me, wifi speed in the corner rooms is always weaker than the rest of the floor. This is getting really frustrating.",Public,B,First,16,WiFi,since 30 minutes,5,3,Low,In Progress,03-04-2026
C0745,"Good morning, the light outside our room door has been dim for a while now, might need changing. Thanks in advance.",Public,A,Third,36,Light,for 4 days now,9,7,Low,Pending,31-07-2026
C0746,"Sir, one bulb in the corridor near the stairs has fused and needs replacing. This needs urgent attention.",Public,B,Ground,6,Light,since last week,8,2,Low,Pending,28-07-2026
C0747,"Hey, cockroaches have taken over the kitchen area of the mess, its becoming unhygienic. Need this fixed soon.",Public,B,Fourth,44,Pest Control,since this afternoon,39,11,High,Resolved,10-05-2026
C0748,"Good morning, power has been cutting on and off every hour on our floor since yesterday. This is getting really frustrating.",Public,A,Ground,9,Electricity,for the past few hours,50,9,High,Pending,20-07-2026
C0749,"Hey, there hasnt been any drinking water in the cooler since this morning. Please fix this soon.",Public,A,Fourth,45,Water Cooler,for over a week,27,8,Medium,Pending,30-07-2026
C0750,There is a constant leak near the washroom entrance and the floor is always slippery. Would help a lot if this got fixed.,Public,C,Second,23,Washroom,since this evening,29,24,High,In Progress,16-05-2026
C0751,"Excuse me, main entrance door of our block has been stuck half open for two days, anyone could walk in at night. Kindly resolve at the earliest.",Public,B,First,15,Door,for almost a week,41,22,High,Resolved,03-04-2026
C0752,"Sir, the vegetables in todays lunch were not washed properly, could see mud on them. Need this fixed soon.",Public,B,Third,36,Mess,since Tuesday,26,19,Medium,Resolved,31-01-2026
C0753,"Just wanted to mention, the washroom door in my room doesnt lock properly, for the last few days. Hope this gets resolved soon.",Public,A,Second,27,Door,for 6 days,1,0,Medium,Rejected,22-02-2026
C0754,"Sir, i think someone went through my drawer while i was out, a few things feel out of place. This is getting really frustrating.",Private,B,Fourth,49,Security,for 3-4 days now,2,1,Medium,Resolved,04-05-2026
C0755,Power has been cutting on and off every hour on our floor since yesterday. Need this fixed soon.,Public,C,First,12,Electricity,since Thursday,34,23,High,Resolved,27-03-2026
C0756,"My roommate and i have been having constant arguments over shared space and it has gotten pretty tense, since 30 minutes. Please treat this as urgent.",Private,C,Third,40,Security,since Wednesday,1,0,Medium,Pending,29-07-2026
C0757,"Just wanted to mention, the same menu has been repeated for four days in a row now. Not happy about this at all.",Public,B,Ground,10,Mess,for more than 10 days,24,11,Medium,Rejected,26-02-2026
C0758,"Sir, my roommate and i have been having constant arguments over shared space and it has gotten pretty tense. Kindly send someone to check.",Private,A,Ground,6,Security,for more than 10 days,1,0,Medium,In Progress,19-04-2026
C0759,"Quick complaint, roti served today was undercooked on one side. Would appreciate a quick fix.",Public,A,Third,38,Mess,since last week,11,3,Low,In Progress,14-06-2026
C0760,"Hi, one bulb in the corridor near the stairs has fused and needs replacing, for 3-4 days now. Please fix this soon.",Public,C,Ground,8,Light,since 30 minutes,3,1,Low,Pending,07-07-2026
C0761,"Paint on the study table in my room is peeling off badly, since Wednesday. Kindly send someone to check.",Public,B,Third,38,Furniture,for almost 2 weeks,1,0,Low,In Progress,29-06-2026
C0762,"Hey, found bed bugs in my mattress and they have started biting at night. Hope this gets resolved soon.",Public,C,Second,29,Pest Control,for over a week,36,20,High,Pending,23-07-2026
C0763,"Dear Warden, one of the washroom doors doesnt latch shut properly, since Thursday. Someone please check this.",Public,C,Second,22,Washroom,since this evening,15,5,Medium,Pending,05-07-2026
C0764,"Respected Warden, the washroom on our floor hasnt been cleaned properly in a while, for 6 days. Someone please check this.",Public,A,Third,38,Washroom,since last night,20,10,Medium,Resolved,21-02-2026
C0765,"Dear Warden, the tube light in my room has been flickering non stop since two days. Would appreciate a quick fix.",Public,A,Second,29,Light,since two days back,2,1,Medium,Resolved,25-05-2026
C0766,Roti served today was undercooked on one side. Please treat this as urgent.,Public,B,First,20,Mess,for over a week,15,5,Low,Pending,13-07-2026
C0767,"Fan in the common reading room makes a loud grinding noise whenever its switched on, since Wednesday. pls fix asap",Public,C,Second,28,Fan,since yesterday,9,6,Medium,Pending,09-07-2026
C0768,"Mattress has a musty smell that wont go away even after airing it out, since Wednesday. Kindly resolve at the earliest.",Public,B,Third,31,Mattress,since Wednesday,1,0,Medium,Resolved,09-03-2026
C0769,"Respected Warden, someone took cash from my drawer while i was away for the weekend. Not happy about this at all.",Private,A,Fourth,46,Security,for a month now,1,0,High,Resolved,05-05-2026
C0770,"Madam, the common washroom on our floor has had a foul smell for two days now, nobody wants to use it. Hope this gets resolved soon.",Public,B,Second,21,Washroom,for the past 3 days,18,15,High,In Progress,10-07-2026
C0771,"Hi, one of my shirts came back from laundry with a tear that wasnt there before. Not happy about this at all.",Public,C,Second,24,Laundry,since the weekend,2,1,Low,Rejected,07-04-2026
C0772,"Just wanted to mention, there is a water leakage from the ceiling in my room every time it rains, since 30 minutes. Would help a lot if this got fixed.",Public,C,Third,34,Leakage,for the past 3 days,4,3,High,In Progress,29-05-2026
C0773,"The pipe behind the washroom wall is leaking and the floor stays wet all the time, for the last few days. Please fix this soon.",Public,C,Ground,4,Leakage,since last night,2,2,High,Pending,27-07-2026
C0774,"Hi, the fan in my room stopped working two days back and with this heat its become really hard to sleep. Please fix this soon.",Public,C,Ground,10,Fan,since yesterday,3,2,High,Rejected,24-06-2026
C0775,"The timing of water supply keeps shifting and nobody tells us in advance, since Monday. Kindly resolve at the earliest.",Public,A,First,19,Water Supply,for 3-4 days now,21,15,Medium,Pending,27-07-2026
C0776,"Hello, mess timing keeps changing without any notice and we end up missing meals.",Public,C,Second,29,Mess,since 2 hours,37,18,Medium,Pending,15-07-2026
C0777,"Madam, there is a constant leak near the washroom entrance and the floor is always slippery. Please fix this soon.",Public,A,Second,28,Washroom,for more than 10 days,24,17,High,Pending,29-07-2026
C0778,One of the washroom doors doesnt latch shut properly.,Public,C,Third,34,Washroom,since noon,13,9,Medium,In Progress,03-07-2026
C0779,"Quick complaint, shower in the common bathroom only gives cold water no matter how long you wait, since last night. pls fix asap",Public,B,Second,26,Washroom,since the weekend,9,2,Medium,In Progress,31-05-2026
C0780,Some students have been playing loud music till 2 am every night this week. This is getting really frustrating.,Public,A,Ground,10,Noise,since yesterday,40,29,High,In Progress,16-06-2026
C0781,"Just wanted to mention, the same menu has been repeated for four days in a row now. Please look into this.",Public,A,Fourth,44,Mess,since last Friday,35,17,Medium,In Progress,22-05-2026
C0782,"To whoever is in charge, dust has settled thick on the window sills in the common area. Would appreciate a quick fix.",Public,A,Fourth,45,Cleanliness,for close to a fortnight,9,2,Low,Resolved,11-02-2026
C0783,"Just wanted to mention, the washroom on our floor hasnt been cleaned properly in a while, for a month now. Thanks in advance.",Public,A,First,14,Washroom,since 2 hours,17,10,Medium,Resolved,27-05-2026
C0784,"Excuse me, the main electrical panel for our floor is making a buzzing sound constantly. Would appreciate a quick fix.",Public,A,Second,27,Electricity,for almost a week,48,11,High,In Progress,18-07-2026
C0785,"Madam, window pane in the common room cracked after the wind last night. Would appreciate a quick fix.",Public,B,First,16,Window,since last night,2,1,Medium,Pending,12-05-2026
C0786,"Sir, one bulb in the corridor near the stairs has fused and needs replacing. Hope this gets resolved soon.",Public,C,Second,27,Light,since this evening,3,2,Low,Rejected,16-06-2026
C0787,"Shower in the common bathroom only gives cold water no matter how long you wait, for the past 3 days. Someone please check this.",Public,A,First,15,Washroom,since yesterday,16,8,Medium,Pending,08-07-2026
C0788,The ethernet port in my room hasnt been working for the past few days. Hope this gets resolved soon.,Public,C,Fourth,44,Internet,since Thursday,12,4,Medium,Resolved,28-03-2026
C0789,"Just wanted to mention, the tube light in my room has been flickering non stop since two days. This needs urgent attention.",Public,C,Second,28,Light,since yesterday,3,2,Medium,In Progress,22-06-2026
C0790,Laundry bag i submitted got mixed up with someone elses this time.,Public,C,First,17,Laundry,for more than 10 days,2,2,Low,Resolved,17-06-2026
C0791,"Good morning, construction work outside starts really early and disturbs everyone trying to study, since yesterday. Kindly send someone to check.",Public,A,Ground,9,Noise,since last week,38,10,Medium,Pending,06-07-2026
C0792,"Hey, laundry bag i submitted got mixed up with someone elses this time, since this morning. Would help a lot if this got fixed.",Public,C,First,17,Laundry,for a month now,1,0,Low,Resolved,21-01-2026
C0793,"Sir, the mess only had one curry option today which felt less compared to usual. Would help a lot if this got fixed.",Public,A,Third,33,Mess,since noon,7,3,Low,Resolved,29-03-2026
C0794,"Hi, cobwebs have built up in the corner of the corridor and nobody seems to have noticed. Please look into this.",Public,A,First,20,Cleanliness,for almost a week,5,1,Low,Pending,11-07-2026
C0795,The same menu has been repeated for four days in a row now. Someone please check this.,Public,A,Fourth,50,Mess,for the past 3 days,40,18,Medium,Resolved,29-04-2026
C0796,"There is a slight rattling sound from the fan blade in my room, not too bothersome yet. Please look into this.",Public,B,First,20,Fan,since Wednesday,1,1,Low,In Progress,29-05-2026
C0797,"Respected Warden, wifi speed in the corner rooms is always weaker than the rest of the floor. Need this fixed soon.",Public,C,Second,24,WiFi,since Monday,6,3,Low,Resolved,18-04-2026
C0798,"Sir, the door handle in my room feels loose and might fall off soon, since yesterday. Would help a lot if this got fixed.",Public,A,Ground,4,Door,since last week,2,0,Low,In Progress,03-07-2026
C0799,"To whoever is in charge, the dustbin in the common area has gone missing since last week. Kindly resolve at the earliest.",Public,A,First,17,Furniture,for 6 days,1,1,Low,Pending,15-07-2026
C0800,Some students have been playing loud music till 2 am every night this week. Need this fixed soon.,Public,C,Fourth,49,Noise,for almost a week,49,32,High,Resolved,20-05-2026
